major,minor,Frame 0,Frame 1,Frame 2,Frame 3,Frame 4,Frame 5,Frame 6,Frame 7,Frame 8,Frame 9,Frame 10,Frame 11,Frame 12,Frame 13,Frame 14,Frame 15,Frame 16,Frame 17,Frame 18,Frame 19,Frame 20,Frame 21,Frame 22,Frame 23,Frame 24,Frame 25,Frame 26,Frame 27,Frame 28,Frame 29,Frame 30,Frame 31,Frame 32,Frame 33,Frame 34,Frame 35,Frame 36,Frame 37,Frame 38,Frame 39,Frame 40,Frame 41,Frame 42,Frame 43,Frame 44,Frame 45,Frame 46,Frame 47,Frame 48,Frame 49,Frame 50,Frame 51,Frame 52,Frame 53,Frame 54,Frame 55,Frame 56,Frame 57,Frame 58,Frame 59,Frame 60,Frame 61,Frame 62,Frame 63,Frame 64,Frame 65,Frame 66,Frame 67,Frame 68,Frame 69,Frame 70,Frame 71,Frame 72,Frame 73
Landmark 0,x,224,226,227,227,227,229,228,228,228,228,226,226,226,225,225,222,222,223,221,221,223,222,222,222,222,222,222,223,222,222,222,222,222,221,221,220,220,220,221,219,218,218,218,216,216,215,215,214,215,215,213,216,214,212,212,209,209,211,204,209,207,208,209,208,211,213,214,215,216,217,219,220,222,222
Landmark 0,y,314,316,321,320,319,318,319,318,317,314,315,315,317,314,315,317,317,315,315,315,317,315,315,316,317,312,314,311,314,312,312,313,312,315,313,312,313,312,310,312,316,314,311,313,314,315,313,316,310,311,317,314,319,319,317,325,318,323,322,325,323,324,324,322,324,319,312,316,317,311,314,308,313,312
Landmark 1,x,224,225,226,226,227,227,227,227,227,227,225,225,226,225,224,222,222,222,221,221,222,222,222,222,222,221,221,222,221,222,221,222,221,221,220,220,219,219,219,218,217,216,216,215,215,214,214,215,214,213,212,214,212,211,211,210,209,209,205,208,207,207,207,206,210,210,212,213,214,215,217,218,219,221
Landmark 1,y,351,353,357,356,356,354,356,356,353,351,352,351,352,349,350,352,352,349,350,350,351,350,350,351,352,347,349,345,348,347,347,347,346,349,348,347,347,346,345,347,351,350,346,348,349,349,349,351,346,347,351,348,353,352,352,359,354,356,356,359,357,357,356,355,356,353,346,349,348,344,347,341,345,346
Landmark 2,x,226,227,228,228,228,229,229,229,229,229,228,228,228,227,227,226,225,225,223,223,224,224,223,224,224,223,223,223,223,224,223,224,223,222,222,222,222,221,221,220,220,219,219,218,218,217,217,218,217,216,215,216,215,214,215,215,214,213,211,211,212,211,210,210,212,213,214,215,216,217,218,219,220,223
Landmark 2,y,388,389,393,392,393,391,392,393,390,388,389,389,389,385,385,388,388,384,387,386,387,386,386,386,388,383,385,382,384,383,383,383,382,385,384,383,382,383,381,384,387,386,382,384,386,385,386,388,382,382,386,383,388,386,386,393,389,389,390,392,390,389,387,387,389,387,381,382,380,377,381,375,379,381
Landmark 3,x,231,232,233,234,234,234,235,235,234,234,233,233,234,233,232,232,231,230,230,229,229,230,229,229,229,229,229,229,229,229,229,229,228,228,228,227,227,227,227,226,226,225,225,224,224,223,224,225,223,222,222,222,221,221,221,222,222,220,219,218,218,217,217,216,218,219,220,221,222,222,224,225,226,229
Landmark 3,y,422,424,428,427,427,426,427,428,425,424,425,423,424,419,420,423,422,419,422,420,421,420,421,421,421,418,420,416,418,417,417,417,416,418,418,417,415,417,416,418,421,421,417,419,421,420,421,422,416,418,420,418,422,420,419,425,422,422,423,423,421,420,418,417,420,419,415,414,412,410,413,409,413,415
Landmark 4,x,242,243,243,244,244,244,245,245,245,245,244,244,245,243,242,242,241,240,240,239,239,239,239,239,239,238,239,238,238,238,238,238,237,238,237,236,235,237,236,236,236,236,234,234,234,234,235,236,233,234,233,233,232,232,232,233,233,231,230,229,228,227,226,226,228,228,229,230,230,230,233,234,235,238
Landmark 4,y,455,457,461,460,460,460,460,461,459,457,458,456,457,452,452,455,454,451,454,452,452,452,453,452,453,450,452,448,448,449,449,449,448,450,450,449,447,448,449,450,451,452,449,451,454,454,455,455,450,451,453,450,455,453,451,456,455,453,455,454,451,449,448,447,450,451,447,446,443,443,445,442,445,446
Landmark 5,x,260,260,261,261,261,262,262,263,263,263,261,261,262,259,259,260,259,256,257,255,256,256,256,255,256,254,255,254,255,254,254,253,253,253,253,253,250,253,253,253,253,254,251,251,250,251,252,254,250,252,251,251,250,250,249,249,249,245,246,243,243,241,240,240,242,242,245,245,244,245,248,249,249,253
Landmark 5,y,484,486,490,489,489,489,488,489,488,485,486,483,485,480,480,482,481,478,481,479,479,479,480,479,481,478,479,476,475,476,477,476,475,477,477,476,474,475,476,477,477,479,477,479,481,482,483,482,479,480,481,479,485,483,481,484,484,482,485,482,478,476,475,474,476,480,476,475,472,472,473,471,473,473
Landmark 6,x,284,283,285,284,285,286,286,287,287,286,284,284,285,282,283,282,281,279,280,278,279,279,279,278,279,277,277,276,277,276,277,275,276,275,276,275,272,275,276,276,275,277,274,275,273,274,275,276,273,275,275,274,273,272,270,272,271,267,268,264,264,262,261,261,263,264,265,265,264,265,269,271,270,273
Landmark 6,y,508,508,512,511,512,512,510,511,510,508,509,506,508,504,503,504,504,501,503,501,501,501,502,502,503,500,501,499,498,499,499,498,498,498,499,499,497,497,499,499,499,501,500,502,505,505,508,506,505,504,505,504,509,508,505,506,506,504,509,503,500,496,496,496,496,504,501,500,497,495,496,495,496,496
Landmark 7,x,309,309,311,310,311,312,312,313,313,311,310,310,310,309,308,307,306,304,304,304,305,305,305,304,307,304,304,302,304,302,305,302,303,301,302,302,298,301,302,303,300,302,300,301,299,299,300,301,298,300,299,298,299,297,295,298,298,292,295,291,290,287,287,287,288,288,290,290,288,289,294,296,294,298
Landmark 7,y,526,525,528,528,529,529,526,528,527,525,525,523,526,523,522,523,522,521,522,520,520,519,520,520,521,519,520,518,517,517,517,516,515,516,516,517,515,516,517,518,518,520,520,521,524,525,530,528,526,525,526,525,529,529,525,521,521,520,525,517,514,510,512,510,510,522,520,520,516,515,514,515,515,513
Landmark 8,x,338,338,340,339,341,342,341,343,342,340,338,337,339,338,335,335,334,332,333,333,333,333,335,333,336,334,335,332,335,333,336,333,333,332,332,332,329,332,332,333,330,331,331,330,329,328,329,330,329,330,329,328,330,328,325,329,328,325,326,322,319,317,318,317,318,319,321,320,318,319,323,325,324,327
Landmark 8,y,532,531,535,535,536,536,533,534,533,532,531,529,532,529,528,528,528,526,526,525,526,525,526,526,526,524,525,524,522,523,521,520,519,521,521,521,521,522,523,523,525,525,526,527,530,532,537,535,533,531,531,531,536,535,532,527,526,524,530,521,519,515,516,515,514,529,526,527,523,522,521,521,521,519
Landmark 9,x,366,366,370,369,370,372,369,372,372,370,367,365,368,367,364,363,362,362,362,362,362,362,364,361,365,364,365,363,366,364,368,365,364,363,363,363,360,364,363,364,362,361,362,360,360,359,359,360,360,361,359,358,362,360,355,359,358,356,356,353,349,348,349,347,347,349,352,352,351,351,354,355,354,357
Landmark 9,y,527,527,531,531,531,531,528,530,528,526,527,525,527,525,523,524,524,522,522,521,521,520,521,521,521,520,521,519,517,518,517,516,516,517,517,518,517,517,517,518,519,520,521,522,524,527,532,530,528,525,526,525,529,530,526,522,519,518,524,517,514,511,512,511,510,524,520,522,520,518,517,517,518,516
Landmark 10,x,392,392,396,394,395,399,396,399,397,396,393,391,394,394,390,390,389,389,388,390,389,389,391,389,393,392,393,391,394,393,397,395,393,393,392,391,389,392,391,392,390,389,390,388,388,387,388,386,387,389,385,385,390,388,384,387,387,384,384,381,378,377,378,376,377,378,381,381,381,380,383,383,383,386
Landmark 10,y,511,511,514,516,514,514,511,513,511,509,512,510,510,508,506,507,507,504,505,503,504,503,503,504,504,503,505,503,500,503,500,501,501,502,500,503,502,500,500,501,501,501,502,504,506,510,513,511,510,505,508,507,510,511,507,505,502,503,507,501,498,496,497,496,497,508,502,504,503,503,502,501,503,501
Landmark 11,x,417,417,421,419,421,423,420,423,421,420,419,416,418,419,416,416,415,416,414,417,416,416,418,415,419,419,419,418,421,419,423,421,420,421,419,418,417,420,419,420,418,416,417,415,414,414,415,414,414,416,412,413,417,415,412,414,414,410,410,407,404,403,404,401,405,405,408,409,409,409,412,413,411,413
Landmark 11,y,490,489,493,495,495,493,491,492,489,488,491,489,489,487,484,485,485,482,483,481,483,483,483,484,483,483,483,482,479,482,479,481,481,481,480,483,482,478,479,480,479,478,480,482,484,488,490,487,487,481,487,484,486,488,485,484,480,481,483,480,478,476,476,476,477,485,480,481,481,482,482,480,482,481
Landmark 12,x,438,437,442,439,441,444,441,443,441,440,439,438,438,439,437,437,437,437,436,438,437,438,438,437,440,439,440,438,440,440,442,441,441,441,439,439,438,440,440,440,438,437,437,437,435,436,436,435,436,438,433,435,438,436,433,433,433,428,429,426,423,422,422,420,425,426,430,430,431,432,435,436,434,434
Landmark 12,y,463,462,466,468,468,466,464,464,462,462,463,462,462,459,458,459,459,456,458,456,458,457,457,458,457,457,457,456,453,456,453,455,455,455,453,456,456,450,453,453,452,451,452,455,457,460,462,458,459,452,458,456,455,457,455,455,450,452,453,452,449,449,448,447,450,456,452,453,454,455,455,453,456,455
Landmark 13,x,453,453,455,454,455,457,456,457,455,455,455,454,453,453,452,451,451,451,449,451,451,452,451,450,452,451,452,451,452,453,454,453,453,452,451,451,450,453,452,452,451,450,450,450,448,449,450,449,450,452,448,450,451,449,447,445,444,440,442,438,436,434,434,433,438,441,445,445,446,448,451,452,449,449
Landmark 13,y,430,430,433,436,436,433,432,431,430,430,430,429,429,426,426,427,426,424,426,424,425,425,424,426,424,424,425,423,421,424,421,423,423,422,421,424,423,417,419,419,419,418,418,421,422,425,426,423,424,418,424,421,420,422,421,422,417,418,419,419,416,416,416,415,417,420,419,420,420,422,422,419,424,422
Landmark 14,x,459,461,462,461,462,464,463,463,461,461,461,461,460,460,459,458,458,457,456,458,458,458,458,457,457,457,457,457,457,459,458,459,459,457,457,457,456,457,456,456,456,454,455,455,452,455,457,455,455,456,453,455,455,453,451,449,447,445,446,443,441,440,439,439,442,446,451,451,451,454,457,458,456,455
Landmark 14,y,395,395,398,402,402,399,399,396,395,395,395,394,394,390,391,391,391,388,390,388,389,389,389,390,388,388,389,388,386,388,386,387,386,386,386,388,388,381,383,382,384,382,382,385,385,387,389,386,386,381,386,384,381,385,384,386,382,383,383,384,381,381,382,381,382,384,382,383,384,385,384,382,388,387
Landmark 15,x,463,464,465,464,466,467,467,466,465,465,465,465,464,463,463,462,461,460,459,460,460,460,460,459,459,459,459,459,459,460,459,460,460,459,459,459,458,459,457,457,458,456,456,456,454,456,459,456,456,456,454,455,453,453,452,449,448,447,448,445,444,443,442,441,444,447,452,453,453,455,458,459,458,458
Landmark 15,y,357,358,362,365,366,363,363,359,359,358,357,357,356,351,353,353,353,351,351,350,351,351,351,352,350,350,350,350,349,350,348,350,348,348,348,349,348,343,345,343,346,344,343,346,346,346,347,345,346,341,345,344,341,346,345,349,345,347,346,348,345,344,347,345,345,344,344,345,346,346,344,342,349,348
Landmark 16,x,466,467,467,467,468,468,470,468,467,467,467,467,467,465,464,463,463,462,460,461,461,461,461,461,460,461,461,460,460,461,460,461,461,459,460,460,459,458,457,458,459,456,457,457,455,457,460,457,456,455,453,454,451,453,451,447,448,446,448,445,445,444,441,442,445,448,452,454,453,455,458,459,458,459
Landmark 16,y,322,322,328,330,332,330,329,324,325,323,321,321,320,315,317,316,317,315,315,314,315,315,315,316,314,314,315,314,314,315,312,313,312,312,312,313,311,306,309,306,309,308,306,309,308,307,306,306,307,303,306,306,303,308,307,311,307,311,309,312,307,307,310,308,308,306,305,307,309,309,307,305,312,311
Landmark 17,x,242,244,245,246,243,246,246,244,244,245,243,243,239,239,238,235,236,234,235,234,234,234,233,233,233,231,233,232,232,232,232,232,232,231,231,232,232,232,231,231,231,229,229,227,228,225,226,225,226,226,226,226,225,223,224,223,220,220,216,217,214,216,220,219,217,221,220,221,224,225,227,228,230,234
Landmark 17,y,298,299,298,302,305,302,301,301,301,299,299,298,298,297,296,297,295,295,295,296,297,297,297,298,297,296,296,296,295,294,292,293,293,293,294,293,297,298,300,298,298,300,300,298,296,297,296,298,297,300,303,304,305,305,308,308,310,306,309,308,309,307,306,306,307,302,300,299,299,294,292,290,289,288
Landmark 18,x,258,260,262,262,259,262,262,259,259,260,257,257,254,253,252,249,250,248,249,248,248,248,247,247,246,246,247,246,246,247,247,247,246,245,245,246,245,245,245,245,245,243,242,240,242,238,240,238,239,239,238,238,238,236,236,235,233,233,228,230,227,229,232,230,229,232,233,234,236,238,240,241,243,247
Landmark 18,y,282,282,283,284,285,285,284,283,282,280,279,279,278,278,277,277,276,275,275,276,276,278,278,278,277,276,276,275,274,274,273,273,272,273,274,275,277,278,279,280,280,280,280,278,277,277,275,277,278,281,284,285,286,287,289,290,292,289,291,291,291,291,291,289,288,285,281,280,280,276,274,271,270,270
Landmark 19,x,284,285,287,288,286,289,289,286,286,286,283,282,280,279,277,275,275,274,274,274,274,273,273,273,272,272,272,272,272,273,272,272,272,271,271,271,270,270,270,270,270,268,268,266,267,264,266,264,264,264,262,262,262,260,260,258,256,257,252,252,250,251,253,253,251,254,256,258,260,262,263,265,267,271
Landmark 19,y,280,281,281,282,282,282,281,280,278,277,276,276,275,274,273,273,272,271,271,272,273,274,274,274,274,272,272,272,271,270,270,269,268,270,271,273,275,275,276,278,277,277,277,275,275,274,273,273,275,278,282,282,285,286,287,288,290,290,290,291,292,292,292,290,288,285,282,278,277,274,271,268,267,267
Landmark 20,x,308,309,312,314,313,314,314,312,312,312,309,307,305,305,302,300,300,300,299,299,299,298,298,298,297,298,297,299,298,298,297,298,298,297,296,295,295,296,295,295,295,294,293,292,292,290,291,291,289,290,286,286,286,284,283,280,279,279,275,275,274,273,273,274,274,277,280,281,285,286,287,290,292,294
Landmark 20,y,289,290,290,292,291,291,290,288,286,285,284,284,283,282,281,281,279,279,278,279,280,281,281,281,281,278,278,279,278,277,277,276,275,277,278,280,283,283,284,286,285,285,284,283,283,282,280,281,282,285,289,289,293,294,295,297,298,298,298,300,300,301,300,299,296,293,290,285,284,281,277,276,273,274
Landmark 21,x,332,331,334,337,337,338,337,336,336,336,332,330,329,328,325,324,324,324,323,322,324,323,323,322,322,322,321,324,323,323,321,322,322,321,321,320,320,321,320,321,319,319,317,317,317,316,315,316,314,314,309,310,309,308,307,304,303,301,298,298,296,296,294,296,297,299,303,305,309,309,310,313,315,317
Landmark 21,y,300,301,302,304,304,303,302,300,298,297,295,295,295,294,293,292,290,289,289,290,291,292,292,292,291,289,289,291,289,289,288,288,287,288,289,291,294,294,295,297,295,296,295,293,293,293,292,293,294,296,298,298,304,303,305,306,308,309,308,310,311,311,310,308,307,304,301,296,296,292,287,287,284,285
Landmark 22,x,361,363,367,368,368,368,368,368,365,363,362,361,359,356,353,351,349,347,347,347,347,348,348,349,349,349,349,348,346,350,350,349,348,348,346,346,344,341,342,340,341,338,338,339,339,338,337,337,337,336,333,329,332,336,333,332,330,328,326,323,323,324,323,320,322,326,327,329,332,334,333,335,339,342
Landmark 22,y,301,301,302,304,304,303,302,299,298,296,295,295,295,294,293,292,290,289,289,290,291,292,292,291,291,289,289,290,288,288,287,287,286,289,290,292,295,296,297,298,297,298,297,294,294,293,293,294,295,297,300,300,304,303,306,307,308,308,307,308,311,311,310,309,306,304,301,297,296,294,287,287,285,284
Landmark 23,x,384,386,390,391,392,393,392,392,390,388,386,385,383,381,378,376,375,373,373,372,373,373,374,375,374,375,375,374,373,375,375,374,373,373,371,370,368,366,367,365,365,364,364,365,364,363,363,363,362,361,357,354,355,359,356,354,353,351,349,347,346,346,344,343,346,348,352,353,357,359,359,360,362,367
Landmark 23,y,292,293,294,295,295,295,294,291,289,288,287,286,285,284,284,282,280,280,279,281,282,283,282,282,281,279,280,280,279,278,277,276,276,278,280,282,285,286,287,288,287,287,286,284,284,283,282,282,283,285,288,289,292,292,294,295,297,295,296,298,299,299,299,297,294,291,289,286,283,281,277,275,274,275
Landmark 24,x,407,407,411,414,415,416,415,415,414,411,410,408,406,404,402,401,400,398,398,397,398,398,398,399,399,399,399,399,398,399,399,399,397,397,395,395,392,391,391,390,389,389,389,390,390,389,389,389,387,387,381,380,379,382,381,377,377,374,373,371,369,370,365,368,370,373,377,379,384,385,385,386,387,392
Landmark 24,y,285,286,288,289,289,289,288,286,284,283,282,280,279,278,277,276,274,274,274,274,275,276,276,276,275,273,274,273,272,272,271,270,270,271,273,275,278,278,279,279,279,279,279,277,276,275,274,274,276,278,280,281,283,283,286,286,287,286,287,288,289,290,290,288,286,283,281,278,276,273,270,267,267,269
Landmark 25,x,429,430,434,437,439,440,438,438,437,434,433,431,431,429,426,426,425,423,424,423,423,423,424,424,424,424,424,425,424,424,423,424,422,421,420,420,417,417,417,416,416,416,416,417,416,416,416,417,414,413,406,407,405,407,406,401,401,398,396,396,394,395,388,393,396,399,404,406,411,413,412,414,413,418
Landmark 25,y,287,288,290,292,292,292,291,289,288,287,286,284,282,281,281,280,278,278,277,279,280,280,280,280,279,277,278,277,276,275,275,274,273,275,275,277,279,279,280,280,279,280,280,279,278,277,276,276,277,279,280,282,283,283,286,284,285,284,286,287,289,289,289,287,285,282,281,279,279,276,273,271,270,274
Landmark 26,x,444,444,447,450,452,453,451,450,450,448,445,445,444,443,441,441,440,439,439,439,439,439,440,439,440,440,440,440,440,440,439,439,437,437,436,436,434,434,435,433,434,434,433,434,433,433,433,434,431,430,423,426,423,425,424,419,419,416,415,415,413,413,407,412,415,417,424,425,429,431,431,432,431,435
Landmark 26,y,302,303,303,308,309,309,306,306,305,303,304,300,300,299,299,299,297,295,296,297,298,297,297,297,296,295,295,296,295,293,292,292,291,293,293,294,294,295,296,295,294,297,297,296,295,293,293,295,293,296,296,298,298,297,302,298,300,299,299,302,303,303,301,302,300,297,296,296,298,293,290,289,287,291
Landmark 27,x,347,348,351,353,352,354,354,353,351,350,348,346,345,344,341,340,339,337,337,336,336,336,336,337,336,338,337,338,337,338,336,337,336,335,333,334,332,332,331,331,330,329,329,329,329,327,328,327,326,326,323,322,322,323,320,320,317,315,313,311,310,310,309,308,309,311,315,318,320,321,323,324,327,331
Landmark 27,y,324,324,327,329,329,329,329,326,324,324,321,319,317,316,316,314,313,313,313,314,314,316,315,315,315,312,313,312,311,310,311,309,308,310,311,311,314,314,313,315,316,315,315,315,314,313,312,312,312,314,318,318,321,323,324,324,325,323,324,326,326,328,328,324,323,319,317,315,314,312,309,308,307,307
Landmark 28,x,347,348,350,353,352,354,353,353,351,350,348,346,345,344,341,339,338,337,337,336,336,336,336,337,336,337,337,337,337,337,336,336,335,335,334,334,332,332,331,331,330,329,328,328,328,327,328,328,326,326,323,322,322,323,320,320,317,314,314,311,311,310,308,308,308,311,315,317,319,321,321,323,326,330
Landmark 28,y,346,345,348,350,350,350,349,347,346,344,342,340,339,338,337,336,335,335,334,335,335,337,337,337,336,334,334,334,333,332,332,330,329,331,332,332,334,334,334,335,336,335,335,335,335,334,333,333,333,334,338,338,341,342,345,346,347,344,346,347,348,349,349,345,343,341,339,336,335,332,330,329,327,327
Landmark 29,x,347,347,350,352,352,353,353,353,351,350,348,346,345,344,340,339,337,336,336,335,336,335,336,336,336,337,337,336,336,337,335,336,335,335,333,333,332,331,330,330,330,329,328,328,327,327,327,327,326,325,323,321,322,322,320,320,317,314,314,311,311,310,308,307,308,311,314,316,318,320,320,322,325,328
Landmark 29,y,368,367,369,371,370,371,370,368,367,365,363,362,362,361,360,358,358,357,356,356,358,359,359,358,359,357,356,356,355,355,353,352,352,353,354,354,356,355,355,356,356,356,356,356,356,355,355,355,354,355,358,358,362,363,365,367,368,366,368,368,370,371,371,368,365,363,361,358,357,353,351,350,349,349
Landmark 30,x,346,347,349,352,352,353,353,353,351,349,348,345,345,343,340,338,337,335,335,334,335,335,335,335,335,336,336,335,335,335,335,335,334,334,333,332,332,331,330,330,329,328,327,327,327,326,327,327,325,325,323,321,322,322,319,319,316,314,315,310,311,309,307,307,307,311,314,315,317,318,318,321,323,327
Landmark 30,y,391,389,391,393,392,393,391,390,389,387,386,385,385,384,383,381,381,379,378,379,381,381,381,381,381,380,379,378,378,377,375,375,375,375,377,376,378,376,377,377,377,377,378,378,378,377,378,377,377,377,380,380,383,384,387,389,390,389,391,391,393,393,393,390,387,386,383,380,378,375,373,372,371,370
Landmark 31,x,320,321,324,325,325,327,326,326,324,323,320,321,320,318,316,315,313,313,312,312,312,312,312,312,313,313,313,312,312,313,312,312,311,311,310,310,309,310,308,308,306,306,306,305,305,304,304,303,302,302,299,300,299,299,297,299,296,292,293,289,288,287,287,285,286,288,292,293,296,297,298,300,302,305
Landmark 31,y,403,403,405,406,407,406,405,404,403,401,399,399,398,398,398,397,395,395,395,395,396,396,397,397,397,395,395,394,394,392,392,391,390,391,392,392,393,392,392,393,393,394,393,393,393,392,392,392,390,389,393,393,395,396,398,400,401,398,400,402,401,401,401,398,397,394,394,391,389,388,388,387,386,387
Landmark 32,x,332,332,335,337,337,338,337,338,336,334,332,332,331,329,327,326,324,323,323,322,322,323,323,323,323,324,323,323,323,323,323,322,322,321,321,320,319,320,318,318,317,317,316,316,315,314,315,315,313,313,311,311,310,310,308,309,307,304,304,300,299,298,298,296,297,299,303,304,306,307,309,310,312,315
Landmark 32,y,408,408,410,411,411,411,410,409,408,405,404,404,403,403,402,401,400,399,399,400,401,400,401,401,401,399,399,399,398,397,397,396,395,395,396,397,397,397,397,397,398,398,398,397,397,397,397,397,395,395,398,398,401,402,403,405,407,404,406,407,408,408,407,405,403,402,401,397,395,394,393,392,392,391
Landmark 33,x,343,343,347,348,348,349,349,349,347,346,343,342,341,340,338,337,335,334,334,333,333,334,334,334,334,335,334,334,334,334,334,333,333,332,332,331,331,331,329,329,328,328,327,327,326,325,326,326,325,325,323,322,323,322,320,321,319,316,316,312,311,310,310,308,309,311,314,316,318,318,320,321,323,326
Landmark 33,y,412,412,414,415,415,415,414,413,412,409,408,407,406,406,405,404,404,403,402,403,404,404,405,404,405,402,403,402,401,401,400,399,398,399,400,401,401,400,400,401,401,401,401,401,401,401,401,401,399,399,402,402,406,406,408,409,410,408,411,411,412,412,412,409,407,407,405,402,400,398,397,396,396,395
Landmark 34,x,355,355,358,360,360,361,360,361,359,357,355,354,353,351,349,348,347,346,346,345,345,345,346,345,346,346,346,346,346,346,345,345,344,344,344,343,343,343,341,341,341,340,340,339,339,338,339,340,339,339,337,336,336,336,334,334,332,330,329,326,325,324,323,323,323,325,328,330,331,332,332,333,335,338
Landmark 34,y,409,409,411,413,412,413,411,410,409,407,406,405,404,404,403,402,401,400,399,400,401,401,402,401,402,400,399,399,398,398,397,396,395,396,397,397,398,396,397,397,398,398,398,398,397,397,397,397,395,394,398,398,401,402,403,405,406,404,405,407,407,408,407,405,403,402,400,398,396,394,393,392,392,392
Landmark 35,x,367,366,369,370,370,371,370,371,370,368,366,365,364,362,360,359,358,357,357,357,356,356,357,356,356,357,357,357,357,357,356,356,356,355,355,354,354,354,353,353,353,352,351,351,350,350,351,352,351,350,349,348,349,347,346,345,343,341,340,338,336,336,335,335,335,337,339,342,343,344,345,346,348,350
Landmark 35,y,406,406,408,410,409,410,408,407,406,403,403,402,401,401,400,399,397,397,396,397,398,398,398,398,398,397,396,396,395,395,394,393,392,393,393,393,394,393,393,394,394,394,394,394,394,394,393,393,390,389,393,393,395,397,397,400,400,398,400,401,402,402,401,399,397,395,395,393,391,390,389,388,387,388
Landmark 36,x,274,275,277,278,277,278,278,277,276,278,277,275,272,270,269,266,265,265,264,264,264,264,264,263,264,264,264,264,263,264,264,263,263,263,262,262,261,262,260,260,260,258,257,257,256,256,256,256,257,258,255,256,254,252,251,250,248,248,245,244,243,243,245,243,244,246,247,248,251,252,253,253,256,259
Landmark 36,y,328,329,330,331,331,331,331,329,329,329,326,321,319,317,316,315,314,313,313,314,315,316,315,315,315,313,313,313,313,312,312,311,310,312,311,313,312,313,313,314,314,314,313,313,313,312,311,311,314,320,325,325,327,329,330,331,331,329,329,330,329,330,331,327,325,319,317,314,311,309,308,306,306,306
Landmark 37,x,288,290,291,292,292,292,292,291,291,293,290,288,284,283,280,279,278,277,277,276,276,276,275,276,276,276,276,276,275,276,275,275,274,274,274,273,273,273,272,272,272,270,269,269,268,267,268,268,269,271,268,268,267,265,264,262,261,260,257,256,255,254,256,256,255,258,260,260,262,263,264,265,267,270
Landmark 37,y,326,326,327,328,328,328,328,326,326,328,323,318,315,311,310,309,308,306,306,307,307,308,308,308,307,306,306,306,305,305,305,304,303,304,305,306,305,307,306,307,307,307,307,306,306,305,304,304,310,318,323,324,325,327,329,329,329,328,328,328,328,329,329,326,322,316,313,308,304,302,300,298,298,299
Landmark 38,x,303,304,306,308,308,308,308,306,306,307,304,302,299,297,296,294,293,293,293,292,292,292,292,292,293,292,292,293,291,293,291,291,291,290,289,289,288,288,288,287,287,285,285,285,284,283,284,284,283,284,282,282,281,279,278,277,275,274,271,269,268,268,269,269,269,271,273,275,278,278,280,281,283,287
Landmark 38,y,326,326,327,328,328,329,328,326,326,327,323,318,315,313,312,311,309,307,307,308,308,309,309,309,309,307,307,307,307,306,306,305,304,306,306,306,306,307,307,308,308,308,307,307,307,306,305,305,310,317,322,323,324,326,327,328,327,327,327,327,327,328,329,325,322,317,313,308,305,303,301,299,299,300
Landmark 39,x,317,317,319,322,321,322,320,320,319,319,317,315,312,311,310,308,307,306,307,306,306,306,307,307,307,307,306,308,306,307,306,306,306,305,304,304,303,303,303,303,302,300,300,300,299,298,299,299,298,299,296,296,295,295,294,293,292,288,286,284,283,282,283,283,283,286,287,290,293,294,295,297,299,302
Landmark 39,y,331,331,333,335,335,335,334,332,332,330,328,325,323,322,322,321,319,319,319,320,320,321,322,321,321,319,320,319,318,318,317,317,316,317,317,318,318,318,318,319,319,319,319,318,318,317,316,316,316,319,324,324,327,328,329,331,329,326,328,329,329,330,331,328,326,322,319,319,316,315,313,312,312,313
Landmark 40,x,302,303,305,307,306,307,306,306,305,306,304,301,298,296,295,292,292,291,291,291,290,291,291,291,291,291,291,291,290,291,290,290,290,289,288,288,287,287,287,287,287,285,284,284,283,282,283,283,283,285,282,281,281,280,279,277,276,275,272,270,269,269,269,269,269,271,273,274,277,277,279,280,281,285
Landmark 40,y,335,334,337,338,338,338,338,336,336,334,331,328,326,324,324,324,321,321,321,322,322,324,324,324,324,321,322,322,321,321,320,320,319,320,320,321,321,320,321,321,321,321,321,321,320,319,319,318,319,324,329,329,331,333,334,336,334,331,333,333,332,334,335,332,329,324,322,321,318,316,315,314,315,316
Landmark 41,x,288,289,290,291,291,291,291,290,290,292,290,287,283,281,279,277,276,276,276,275,274,274,274,274,274,275,275,275,274,275,274,274,273,273,272,272,272,273,271,271,271,269,268,268,267,266,267,267,269,271,268,268,266,265,264,262,262,261,258,256,255,255,256,255,255,258,259,259,261,262,263,264,266,269
Landmark 41,y,334,334,336,338,337,338,337,336,335,335,331,328,325,324,324,323,321,320,321,322,322,323,324,323,323,321,321,321,321,320,320,320,319,320,320,321,320,320,321,321,322,321,321,320,319,319,318,318,319,325,330,330,332,335,335,336,335,333,334,334,334,335,336,333,330,324,322,320,318,316,315,314,314,315
Landmark 42,x,374,375,378,379,380,380,380,379,378,376,375,375,374,371,370,370,367,366,366,365,366,366,366,365,365,366,365,365,365,366,365,365,364,364,363,363,363,362,361,361,361,359,359,358,358,358,357,358,358,356,354,354,353,353,352,351,349,347,345,344,341,342,341,341,342,344,348,351,352,354,355,355,358,361
Landmark 42,y,334,334,337,338,339,338,337,335,335,334,331,327,324,324,323,322,320,320,319,320,321,322,322,321,321,320,320,319,318,318,318,317,317,318,318,318,319,318,319,319,320,319,319,319,319,318,317,317,317,319,323,324,327,328,329,331,329,326,327,329,329,330,332,328,327,323,320,319,316,315,314,313,313,314
Landmark 43,x,389,390,393,394,394,396,395,394,393,391,389,388,387,386,383,383,381,380,380,379,380,380,380,380,379,380,379,380,379,380,379,379,378,378,377,377,376,376,376,375,374,374,374,373,372,372,371,372,372,371,369,368,367,368,366,365,363,362,360,359,356,357,355,355,357,359,363,365,366,368,368,369,371,374
Landmark 43,y,330,330,332,333,333,333,333,331,332,332,329,321,318,316,314,312,311,309,309,310,311,311,311,311,310,309,309,308,308,307,307,306,306,307,307,308,308,308,308,309,309,309,308,308,307,307,306,306,311,316,321,322,324,325,327,327,326,325,325,326,327,328,329,325,322,316,313,308,305,303,301,300,300,302
Landmark 44,x,403,403,407,408,409,410,409,409,407,405,402,402,401,400,398,398,396,395,396,395,395,395,395,395,395,396,395,395,395,395,395,395,394,394,392,393,392,390,391,390,390,390,389,388,388,388,387,388,387,385,383,383,382,383,380,380,378,376,373,373,370,371,368,369,371,373,377,381,382,384,385,385,387,390
Landmark 44,y,331,331,333,334,335,335,334,332,333,334,330,322,318,316,315,313,312,310,310,310,311,311,311,311,310,309,309,308,308,307,307,306,306,307,307,308,308,309,309,309,309,309,309,308,307,307,306,306,312,316,321,322,323,325,327,327,326,326,326,326,328,329,330,325,322,316,314,308,305,303,302,300,300,302
Landmark 45,x,415,414,418,419,420,422,421,421,419,416,413,412,412,411,409,409,408,407,407,407,407,407,407,406,407,407,406,406,407,407,406,407,406,405,404,404,403,402,403,402,402,402,401,401,400,400,399,400,399,398,396,396,395,397,394,393,392,387,386,385,383,384,381,382,384,386,390,395,395,397,398,398,400,403
Landmark 45,y,335,335,337,338,339,338,337,336,335,335,333,327,324,322,321,320,319,317,317,318,319,319,319,319,318,317,317,316,315,315,315,314,314,315,315,315,316,315,316,316,316,316,316,316,315,314,314,313,316,317,322,321,324,325,327,328,327,326,327,327,329,329,330,326,324,320,318,314,313,312,310,309,309,311
Landmark 46,x,403,403,407,408,409,411,410,409,407,405,402,402,401,400,399,399,397,396,396,396,396,396,396,395,396,396,395,396,396,396,396,396,395,394,393,393,392,391,392,391,391,390,390,389,389,389,388,389,387,386,383,383,383,384,381,381,379,376,374,373,370,371,369,370,372,374,377,383,382,385,385,386,388,391
Landmark 46,y,340,339,343,344,345,344,343,342,341,341,338,332,329,328,328,326,325,323,323,324,325,326,326,326,325,324,324,323,322,322,321,321,321,322,322,322,323,322,322,322,323,322,323,322,321,321,320,319,320,323,328,328,330,332,333,335,333,331,332,332,333,334,335,332,330,324,322,321,318,317,316,315,315,317
Landmark 47,x,389,389,393,394,395,396,395,394,393,391,389,388,388,386,384,384,382,381,381,380,381,380,381,380,380,381,380,380,380,381,380,380,379,379,378,378,377,376,376,375,375,375,374,373,373,373,372,373,372,371,369,369,368,369,366,365,364,362,360,359,356,357,355,355,357,360,363,366,367,369,369,370,373,375
Landmark 47,y,339,338,342,343,344,344,343,341,341,340,337,332,328,328,327,326,324,323,323,324,325,325,326,325,325,323,324,323,323,322,322,322,321,322,322,322,323,321,322,322,323,323,322,322,321,321,320,319,320,323,328,328,331,332,333,335,332,330,331,332,333,334,335,332,330,325,322,321,318,318,316,315,316,318
Landmark 48,x,296,296,298,299,300,301,301,300,300,299,297,299,297,296,294,294,292,291,288,289,291,290,290,290,291,290,290,290,288,288,288,288,288,288,287,287,287,287,286,286,285,285,285,284,283,282,283,283,282,283,281,279,279,280,278,279,280,280,278,275,275,273,273,271,271,270,273,276,277,278,279,279,280,283
Landmark 48,y,441,442,444,444,445,445,445,444,444,441,441,441,441,439,439,439,437,435,435,436,437,436,437,437,438,434,436,434,433,433,433,433,431,433,434,434,434,434,435,436,436,436,436,436,436,437,437,436,434,434,438,436,438,441,439,440,441,438,442,441,437,438,437,435,434,437,437,433,432,431,432,429,429,429
Landmark 49,x,312,313,316,316,318,318,318,318,316,315,313,314,312,311,309,308,307,305,304,304,306,305,305,305,306,305,305,305,305,305,304,303,304,304,303,303,301,303,301,301,300,300,299,298,297,297,297,297,297,298,295,294,295,294,293,295,295,294,293,291,290,288,288,287,287,286,288,290,291,291,292,294,295,297
Landmark 49,y,438,438,439,441,441,442,442,440,438,436,436,436,435,435,434,433,431,431,431,432,433,433,434,433,433,432,432,431,431,430,429,428,427,428,429,430,429,430,430,430,431,431,431,430,430,430,430,427,426,425,430,429,431,433,431,432,432,431,434,434,430,431,429,430,429,429,430,427,426,425,426,424,424,423
Landmark 50,x,330,330,334,334,336,336,335,336,334,332,331,331,329,327,326,325,323,322,321,321,322,321,321,322,323,322,322,322,322,322,322,320,321,321,320,319,318,320,318,317,316,316,316,315,314,315,315,315,314,315,313,312,313,311,309,311,309,308,308,305,303,301,302,300,300,301,304,305,307,308,309,310,313,314
Landmark 50,y,437,437,438,439,440,440,440,438,435,434,434,433,432,432,431,430,429,428,428,430,431,431,431,431,431,429,429,428,429,427,427,425,425,425,426,427,426,427,426,427,428,428,428,428,427,426,426,423,422,422,425,426,428,429,430,430,430,429,434,433,429,430,428,429,429,429,428,425,423,422,422,420,421,419
Landmark 51,x,341,341,345,346,347,347,346,346,346,344,342,342,340,338,337,337,335,334,333,333,333,333,333,333,334,334,333,334,334,334,334,333,333,333,332,332,330,331,330,330,329,329,328,327,326,327,327,328,327,328,325,325,326,324,322,324,322,320,320,316,315,314,313,312,312,313,316,318,319,321,321,322,324,327
Landmark 51,y,441,441,441,443,443,444,444,442,439,438,438,437,436,436,435,434,433,432,432,433,434,434,435,434,434,433,433,432,432,431,431,429,428,429,430,431,430,430,430,430,431,432,431,431,431,430,429,426,425,425,429,429,431,432,432,431,432,432,436,435,432,432,430,432,432,432,431,428,427,425,426,423,424,423
Landmark 52,x,354,355,358,359,360,360,359,360,359,357,355,354,353,351,350,350,348,347,346,346,346,345,345,345,346,348,346,347,348,348,346,347,347,345,345,345,343,344,343,343,342,341,341,340,340,339,340,341,341,342,339,339,340,338,335,337,335,334,334,330,329,328,327,326,326,329,331,332,333,334,334,335,337,340
Landmark 52,y,439,439,439,442,441,442,442,440,437,436,436,435,434,434,433,431,430,430,430,431,432,432,432,431,432,430,430,429,429,427,428,426,425,426,427,427,427,427,427,428,428,429,429,428,428,427,427,423,422,422,425,426,428,429,429,429,429,429,433,433,429,430,427,429,429,430,429,426,424,423,423,421,421,421
Landmark 53,x,370,370,374,375,376,376,375,375,375,373,371,370,369,367,366,366,365,363,363,362,362,362,362,362,362,365,364,364,364,365,364,364,364,363,362,362,360,360,360,360,358,357,358,357,357,358,359,361,361,360,359,358,358,356,354,354,351,350,350,347,345,344,344,343,343,346,349,350,351,352,352,353,355,357
Landmark 53,y,443,443,444,446,446,447,446,444,442,441,441,439,439,439,437,436,435,434,434,435,435,435,436,435,435,434,433,432,432,431,430,429,429,429,430,430,431,431,430,431,432,432,432,432,431,432,431,428,426,424,430,429,431,434,430,431,430,431,433,434,431,431,429,429,429,430,430,430,428,427,427,424,425,425
Landmark 54,x,385,384,388,388,390,390,389,389,388,386,385,383,383,382,380,379,380,377,378,378,377,378,378,378,379,380,381,380,381,382,381,381,380,379,377,379,375,375,375,374,374,372,372,372,372,374,375,376,376,375,375,376,375,372,371,370,367,364,363,362,359,358,358,358,358,362,364,368,366,367,369,371,372,373
Landmark 54,y,448,448,450,451,451,452,450,450,449,447,446,446,446,445,444,443,442,440,439,440,441,440,440,440,440,438,437,436,436,436,435,436,435,436,437,435,437,435,437,437,438,437,438,438,438,439,439,436,434,433,438,437,437,444,437,439,438,436,439,439,436,436,436,434,432,436,435,437,437,436,434,431,432,432
Landmark 55,x,369,369,373,374,375,375,374,374,374,372,370,369,369,368,366,365,365,363,363,363,362,362,363,363,364,365,365,365,365,365,365,365,364,362,362,363,361,361,361,361,359,358,358,358,358,359,360,362,362,362,361,360,360,357,355,356,354,351,351,347,345,344,344,343,343,347,350,351,351,352,353,354,356,358
Landmark 55,y,468,468,469,472,472,471,470,469,469,467,466,466,467,465,463,463,461,459,458,459,459,458,457,458,458,455,455,453,452,453,451,450,451,450,451,452,452,450,453,453,454,454,455,456,458,461,462,462,458,458,462,462,463,466,462,450,448,446,451,448,446,446,446,443,441,456,457,460,457,455,452,450,451,451
Landmark 56,x,352,353,356,357,358,359,358,358,358,356,354,353,353,351,350,350,348,346,346,346,346,346,346,346,347,349,348,348,348,348,347,347,347,345,345,346,343,344,345,344,342,342,341,341,340,341,341,343,342,344,341,341,342,339,336,340,338,334,335,330,329,327,328,326,326,329,331,333,332,334,335,336,337,341
Landmark 56,y,474,474,474,478,478,476,477,475,475,474,473,473,473,471,471,471,468,467,465,466,465,465,464,465,464,461,461,459,457,458,456,455,455,455,456,457,457,455,459,458,460,460,462,462,463,467,468,471,465,465,470,470,470,472,471,456,452,449,457,450,449,449,449,445,443,462,464,467,463,460,457,456,456,456
Landmark 57,x,338,339,342,343,344,345,344,344,343,341,340,339,339,337,337,336,334,332,332,332,332,333,333,333,334,334,334,334,334,334,334,333,332,332,332,332,330,331,331,330,328,328,328,327,326,327,327,328,328,329,327,326,327,324,322,325,324,319,321,316,314,312,313,311,311,313,315,317,318,320,321,322,324,326
Landmark 57,y,474,474,475,478,478,477,477,476,475,474,473,474,473,472,472,472,469,468,466,467,466,466,465,466,465,462,462,460,459,459,457,456,456,456,458,458,459,456,460,459,461,462,463,463,464,467,469,472,466,466,471,472,472,473,473,457,454,449,459,451,450,450,450,446,444,463,466,468,464,461,458,457,457,457
Landmark 58,x,326,326,330,330,332,332,331,332,331,329,327,327,327,325,324,323,321,319,318,319,320,320,320,321,322,321,322,321,321,320,321,319,319,319,318,319,317,318,317,317,315,315,315,314,313,314,313,315,314,315,312,312,312,310,308,311,311,307,308,303,301,299,300,298,298,299,302,303,304,306,308,309,311,313
Landmark 58,y,472,472,472,475,476,474,475,474,473,472,471,472,471,469,470,470,467,465,464,465,464,464,463,464,463,460,460,458,457,457,456,455,454,455,456,457,457,455,459,458,459,460,461,462,462,466,468,470,464,465,469,470,471,471,471,456,453,449,458,450,448,448,449,445,442,461,464,465,462,459,456,455,455,455
Landmark 59,x,309,310,313,313,315,315,315,315,314,312,310,311,310,309,307,306,305,303,302,302,304,304,304,305,306,304,305,305,304,304,304,303,303,303,302,302,300,302,301,301,299,299,298,298,297,297,297,297,296,298,295,294,295,294,292,295,296,292,293,289,288,286,286,284,285,283,286,288,289,290,292,293,294,297
Landmark 59,y,463,463,464,466,467,466,466,466,465,462,462,463,463,461,461,460,458,456,455,456,456,456,456,456,456,453,454,452,452,451,451,450,448,450,450,451,451,451,452,452,452,453,454,454,456,458,460,461,457,457,461,461,463,463,462,451,449,445,453,448,445,445,445,443,441,454,457,456,453,452,449,449,448,447
Landmark 60,x,303,304,306,307,308,309,310,309,308,307,305,307,304,304,303,301,301,299,297,297,299,298,297,298,299,297,298,298,295,296,296,296,295,295,295,294,294,294,294,294,293,293,292,292,290,290,290,291,289,290,289,287,287,288,285,287,288,287,286,283,282,281,281,279,279,277,279,282,284,285,286,286,288,291
Landmark 60,y,443,444,446,447,447,447,448,446,445,443,442,443,443,442,441,441,439,438,438,438,439,439,440,440,440,437,438,437,436,436,435,435,434,435,436,436,435,436,437,437,437,438,438,438,438,439,439,437,435,435,440,439,440,443,439,440,440,437,442,440,437,438,436,435,433,437,438,435,434,433,434,431,431,432
Landmark 61,x,329,329,333,333,335,335,334,335,333,332,330,330,328,326,325,325,322,322,320,321,321,321,321,322,322,321,322,322,321,321,321,320,320,320,319,319,318,319,317,317,316,316,315,315,314,314,314,315,314,315,312,312,313,311,309,311,310,307,308,304,303,301,301,299,299,300,303,305,306,308,309,310,312,314
Landmark 61,y,447,447,448,449,448,449,450,447,446,445,444,444,443,442,442,441,439,438,439,440,441,442,442,442,441,440,440,439,438,438,437,436,436,436,437,438,438,437,438,437,437,438,438,437,437,436,434,432,430,430,434,435,436,438,435,437,436,436,438,439,435,436,435,434,434,435,434,432,430,431,432,430,431,431
Landmark 62,x,341,340,345,345,346,346,346,346,345,343,341,341,340,338,337,337,335,334,333,333,333,333,333,333,334,334,333,334,334,334,333,333,333,332,332,332,330,331,329,330,329,328,328,327,326,326,327,327,327,328,325,325,326,324,322,324,322,319,320,316,315,313,313,312,311,313,315,318,319,320,321,322,324,326
Landmark 62,y,449,449,450,452,450,451,452,449,448,446,446,446,445,444,443,443,441,440,441,442,443,443,443,444,443,442,442,441,440,440,439,438,437,438,439,439,440,439,439,439,439,440,440,439,438,437,435,432,431,432,436,437,437,440,436,438,438,437,439,440,437,438,437,437,436,437,436,434,432,433,434,431,432,433
Landmark 63,x,354,354,357,358,359,360,358,359,358,357,354,354,353,351,350,350,348,347,346,346,346,345,345,345,346,347,347,347,347,348,346,347,347,345,345,345,343,344,343,343,342,341,341,340,340,339,340,341,341,342,339,339,340,338,335,338,335,334,334,330,329,328,327,326,326,328,330,332,332,334,334,335,337,340
Landmark 63,y,448,449,450,451,449,451,451,449,447,446,445,446,445,443,443,442,440,440,440,441,442,442,442,442,442,441,440,439,438,438,437,437,436,436,438,438,439,437,438,437,437,439,439,438,438,437,435,432,430,430,434,435,436,439,434,436,436,435,437,438,435,436,435,434,434,435,434,433,431,432,433,430,431,432
Landmark 64,x,378,377,381,381,383,383,382,382,381,379,377,376,376,375,372,372,373,370,370,371,369,371,370,371,371,373,374,373,374,374,374,374,374,373,371,372,369,369,368,367,367,365,365,365,366,367,368,370,370,369,368,369,369,365,365,363,360,358,357,356,352,351,351,351,351,356,357,361,359,360,362,364,365,366
Landmark 64,y,449,449,451,453,452,453,452,451,449,448,447,447,447,446,445,444,443,442,441,442,442,441,442,441,441,440,439,438,437,437,436,437,436,436,437,437,438,436,437,438,439,438,438,439,439,440,440,438,435,434,440,439,440,445,437,438,437,436,438,438,436,436,435,434,432,437,435,439,438,437,435,432,433,434
Landmark 65,x,353,353,357,358,359,359,358,358,358,356,354,353,353,351,350,349,348,346,346,346,346,345,346,346,347,348,348,348,348,348,347,347,347,345,345,346,343,344,344,344,342,342,341,340,340,340,340,342,342,343,340,340,341,339,336,338,337,334,334,330,328,327,327,326,326,329,331,332,332,333,335,335,337,341
Landmark 65,y,457,457,458,461,462,460,460,459,457,456,456,454,455,454,452,452,450,449,447,448,446,447,446,446,446,443,443,441,441,440,439,438,438,438,439,440,440,440,441,441,443,443,445,445,447,450,451,453,448,449,453,452,454,455,458,442,438,434,445,437,434,434,434,432,431,450,450,451,449,445,441,440,439,438
Landmark 66,x,339,340,343,344,346,346,345,345,344,342,341,340,340,338,337,336,335,333,332,333,333,333,333,334,334,335,334,334,334,334,334,333,333,332,332,332,330,331,331,330,329,329,328,327,326,327,327,328,328,329,326,326,327,324,322,325,323,319,320,316,314,313,313,311,311,313,316,317,319,320,322,322,325,327
Landmark 66,y,457,457,458,461,462,461,461,459,458,457,456,455,455,455,453,453,451,450,448,448,447,447,447,447,447,444,445,443,442,441,440,439,439,439,440,441,441,440,442,442,444,444,445,446,448,450,452,454,449,451,454,453,456,456,460,444,440,436,447,438,436,436,435,433,433,452,452,452,450,445,441,441,440,439
Landmark 67,x,328,328,332,332,334,334,333,334,332,330,329,329,329,327,325,324,322,321,320,320,321,321,321,322,323,322,322,323,322,322,322,320,320,320,320,320,318,319,319,318,316,316,316,315,314,315,314,316,315,316,313,313,313,311,309,311,311,307,308,304,302,300,301,299,299,300,303,304,305,308,309,310,312,314
Landmark 67,y,455,455,456,459,460,458,458,458,456,455,454,453,453,452,451,451,449,447,446,446,445,446,446,445,445,442,443,441,440,439,439,437,437,438,438,439,440,440,440,441,442,443,444,444,446,448,451,452,447,449,452,451,455,454,458,442,438,434,446,437,435,434,434,432,432,450,450,449,447,443,439,439,439,437
