major,minor,Frame 0,Frame 1,Frame 2,Frame 3,Frame 4,Frame 5,Frame 6,Frame 7,Frame 8,Frame 9,Frame 10,Frame 11,Frame 12,Frame 13,Frame 14,Frame 15,Frame 16,Frame 17,Frame 18,Frame 19,Frame 20,Frame 21,Frame 22,Frame 23,Frame 24,Frame 25,Frame 26,Frame 27,Frame 28,Frame 29,Frame 30,Frame 31,Frame 32,Frame 33,Frame 34,Frame 35,Frame 36,Frame 37,Frame 38,Frame 39,Frame 40,Frame 41,Frame 42,Frame 43,Frame 44,Frame 45,Frame 46,Frame 47,Frame 48,Frame 49,Frame 50,Frame 51,Frame 52,Frame 53,Frame 54,Frame 55,Frame 56,Frame 57,Frame 58,Frame 59,Frame 60,Frame 61,Frame 62
Landmark 0,x,258,258,258,258,258,258,258,257,259,258,258,258,258,257,257,260,259,259,259,258,256,256,253,255,256,257,257,258,258,258,260,262,261,261,260,262,258,260,260,259,259,259,259,259,258,259,258,259,261,260,260,261,259,260,261,262,261,259,259,258,258,259,259
Landmark 0,y,315,311,315,315,313,313,312,309,310,310,307,311,309,304,308,314,312,312,312,310,310,312,319,317,313,309,308,308,306,306,306,308,309,310,310,306,300,307,310,311,310,317,318,310,310,304,304,303,302,299,302,301,303,305,307,309,308,306,310,309,307,308,312
Landmark 1,x,264,265,265,265,265,265,265,263,265,264,264,264,264,263,264,265,264,264,264,262,258,257,255,257,257,260,260,261,261,262,264,266,265,264,264,265,261,263,263,262,261,261,261,262,262,263,262,263,264,264,264,265,263,264,265,265,265,263,264,263,263,264,264
Landmark 1,y,350,346,350,350,347,347,347,345,345,345,342,346,345,341,344,351,347,347,345,342,342,343,351,348,344,340,339,339,339,338,339,341,343,342,345,339,334,341,343,344,342,349,351,344,345,338,338,338,336,334,336,335,337,339,341,342,342,341,345,344,342,342,347
Landmark 2,x,274,274,274,274,274,274,274,272,273,273,272,272,272,271,272,273,273,272,271,268,263,261,260,262,262,265,266,267,268,269,271,273,272,270,270,271,268,269,269,267,266,266,268,269,268,269,269,270,270,270,270,271,270,270,271,271,271,270,271,270,270,271,272
Landmark 2,y,385,382,384,384,382,382,382,380,380,380,379,382,380,378,380,387,382,381,378,373,374,374,382,380,375,370,370,371,371,370,372,374,376,375,379,372,368,374,377,376,376,381,384,377,378,371,371,372,369,368,369,368,371,372,374,375,376,375,379,378,377,376,382
Landmark 3,x,282,282,282,282,282,281,281,280,281,281,280,280,280,280,281,282,281,280,278,274,268,267,267,267,268,272,273,273,275,277,278,279,278,276,276,276,273,275,275,274,272,272,275,276,275,276,276,277,277,276,277,277,276,276,277,277,278,277,278,277,277,278,280
Landmark 3,y,418,416,417,418,415,416,417,414,415,415,414,416,415,413,416,421,417,415,411,405,406,406,412,411,406,401,400,401,401,400,405,406,407,407,411,405,402,406,409,408,408,413,416,410,411,403,404,405,402,400,401,399,403,404,407,408,409,408,412,411,411,410,416
Landmark 4,x,293,292,293,293,293,292,291,292,292,292,292,291,291,292,293,294,292,291,287,282,276,274,274,274,275,278,279,280,282,284,286,287,287,285,285,284,280,281,282,281,280,281,283,284,284,284,285,286,284,284,284,284,284,284,286,286,287,286,287,286,286,287,291
Landmark 4,y,451,450,449,451,448,449,451,448,448,448,448,450,448,447,449,453,448,447,442,435,438,436,442,441,437,431,431,433,433,431,436,437,439,438,443,437,434,438,441,440,440,446,447,441,442,436,435,438,433,432,432,431,434,436,439,440,442,441,444,444,444,443,449
Landmark 5,x,311,311,312,311,311,310,309,311,311,310,310,309,309,311,311,311,310,309,303,296,290,286,285,285,285,289,290,292,295,296,301,301,302,298,300,297,293,294,295,294,291,294,295,296,298,297,298,299,297,297,297,296,298,298,300,301,303,302,304,302,303,303,307
Landmark 5,y,482,482,479,481,478,480,483,479,480,480,480,483,481,479,482,484,479,476,472,463,467,466,472,470,468,461,461,463,463,461,466,468,469,468,473,469,467,469,472,472,472,478,479,472,473,468,467,471,465,464,462,462,466,467,470,471,473,473,476,477,476,477,481
Landmark 6,x,333,333,334,333,334,331,332,333,333,332,332,331,332,333,332,331,331,329,322,313,308,301,299,300,301,305,306,309,313,314,319,319,321,316,318,314,310,311,312,312,308,311,312,313,317,315,316,317,315,315,316,314,316,316,318,320,322,322,324,322,324,323,327
Landmark 6,y,508,508,504,507,503,507,509,506,507,508,508,510,508,507,509,511,506,502,499,489,493,494,498,497,496,488,488,490,490,487,494,495,496,496,501,498,496,497,500,500,501,506,506,500,499,495,496,499,494,492,489,490,493,493,496,497,499,500,502,503,504,504,507
Landmark 7,x,359,359,360,359,360,357,358,359,358,358,357,356,358,360,358,356,357,355,348,337,331,322,321,323,325,327,328,331,335,337,342,343,345,339,340,337,334,335,335,334,330,333,334,337,341,339,339,342,338,340,340,339,341,341,343,344,346,347,349,348,350,349,353
Landmark 7,y,525,527,522,525,521,526,527,526,526,528,528,530,528,526,527,528,523,518,517,507,511,514,519,516,514,507,506,508,509,504,513,514,514,516,519,518,516,518,521,522,523,528,526,517,516,515,516,518,512,511,507,509,510,511,513,514,516,518,520,522,523,524,526
Landmark 8,x,389,389,390,388,389,387,388,388,387,388,386,386,387,389,388,385,387,384,378,367,361,350,349,353,355,356,358,361,364,367,372,372,374,369,368,366,364,364,363,361,359,362,363,367,369,369,369,371,368,369,370,369,371,371,372,374,376,378,378,378,379,380,383
Landmark 8,y,529,529,525,529,525,530,529,529,530,531,531,532,531,529,531,530,525,520,520,511,516,522,526,523,520,513,512,514,515,508,518,518,517,521,523,523,522,524,527,528,530,534,532,522,520,519,521,521,517,515,511,514,515,516,518,518,520,522,524,525,526,528,529
Landmark 9,x,417,416,416,415,416,415,414,414,413,415,413,413,413,416,414,413,414,411,408,397,391,380,380,385,388,387,389,392,394,397,403,403,404,399,396,396,394,394,393,390,390,392,394,399,398,398,398,400,398,399,399,399,400,401,401,402,405,406,405,406,406,408,410
Landmark 9,y,521,522,518,522,519,523,523,523,522,524,523,525,523,520,523,522,516,513,512,505,511,519,522,518,515,509,508,510,511,503,513,512,511,515,518,518,518,520,523,525,526,529,527,518,515,514,517,516,513,510,508,510,510,512,514,514,515,517,518,519,520,522,522
Landmark 10,x,437,436,436,435,436,435,434,434,433,434,433,432,433,435,434,433,434,432,431,420,416,406,407,413,417,414,415,418,418,421,426,427,427,423,420,420,419,419,419,416,416,417,418,425,423,422,423,425,423,424,424,424,425,426,425,426,428,429,428,428,429,431,431
Landmark 10,y,498,499,495,499,497,499,499,499,499,499,499,500,498,496,500,500,493,491,491,487,493,502,506,502,499,493,491,493,494,486,493,492,493,496,500,500,500,502,505,507,507,508,507,501,498,496,499,496,494,492,491,492,493,493,496,497,496,496,498,498,498,500,499
Landmark 11,x,453,452,452,452,452,452,451,450,450,450,450,449,450,451,450,447,449,447,447,438,435,428,428,433,438,434,436,439,437,441,444,445,444,442,438,438,439,439,440,437,437,437,438,444,442,441,442,444,442,442,443,443,443,444,443,444,446,446,446,446,446,448,449
Landmark 11,y,470,470,468,470,469,470,470,470,470,469,469,470,468,466,470,470,464,464,464,463,467,477,480,476,473,468,466,467,468,462,465,465,466,468,474,473,474,476,478,481,481,481,480,474,472,469,472,470,468,466,465,466,466,466,470,471,469,468,471,470,469,471,471
Landmark 12,x,464,463,463,463,463,463,463,462,462,461,462,461,461,462,461,458,460,460,459,453,450,445,444,449,451,451,451,454,452,456,456,457,457,455,453,453,453,453,454,453,452,451,453,457,455,455,456,457,455,455,455,456,456,457,456,457,458,459,458,458,458,460,461
Landmark 12,y,437,437,436,439,437,437,437,437,437,436,436,437,435,432,436,438,432,434,434,436,438,449,451,445,442,438,436,438,438,432,434,435,436,438,444,442,443,444,446,450,449,449,448,443,441,439,441,438,438,436,435,436,435,435,439,440,437,437,439,438,437,438,440
Landmark 13,x,470,469,469,470,470,469,469,469,469,468,468,468,468,468,467,465,466,465,465,462,459,457,455,458,459,461,460,462,462,464,463,463,463,463,462,462,461,461,462,462,461,460,461,464,463,463,464,464,463,462,463,463,463,463,463,464,464,466,465,465,465,466,468
Landmark 13,y,403,403,403,405,403,403,402,403,404,403,402,404,401,397,402,405,399,401,401,405,405,416,419,411,408,404,403,405,404,399,401,402,403,405,411,409,409,411,413,416,415,415,413,409,408,406,408,406,405,404,403,403,402,402,406,408,405,403,406,406,403,404,407
Landmark 14,x,473,473,473,473,473,472,473,472,472,472,472,471,470,470,470,468,469,468,468,467,464,464,462,463,464,466,465,466,467,468,467,467,467,466,467,468,468,466,467,469,467,466,466,469,468,467,468,467,467,467,468,467,468,467,467,468,468,470,470,470,469,471,472
Landmark 14,y,370,369,370,371,369,369,368,369,369,369,368,370,367,362,367,372,366,367,367,371,371,381,384,377,374,369,368,369,369,364,366,367,369,370,375,373,373,375,377,381,378,381,378,373,372,372,373,371,371,370,368,369,368,368,372,374,371,369,373,372,369,369,372
Landmark 15,x,477,476,476,476,476,475,475,475,475,475,474,474,473,473,473,471,471,471,470,470,468,468,466,468,469,470,469,470,471,471,471,471,471,471,472,472,473,472,473,474,473,471,472,473,472,471,472,471,472,471,472,472,471,471,472,472,473,474,474,474,473,474,476
Landmark 15,y,336,335,336,337,335,336,333,334,335,334,333,337,332,327,331,338,333,332,332,337,337,346,347,342,339,334,334,334,334,330,331,332,335,335,339,337,337,339,341,344,341,345,342,337,336,336,338,336,337,335,333,335,333,333,338,339,336,335,339,337,335,334,338
Landmark 16,x,478,478,477,477,477,476,476,475,476,475,474,475,474,473,473,473,471,471,471,472,470,470,468,469,471,471,471,472,472,473,473,472,472,472,474,474,476,474,475,476,475,472,473,475,473,473,474,473,475,473,474,475,473,473,474,473,474,475,476,476,475,476,477
Landmark 16,y,302,301,303,303,301,303,300,301,302,300,300,303,299,293,296,304,299,298,298,303,302,311,311,307,305,299,300,300,299,296,296,299,301,301,304,302,299,304,306,309,305,311,307,301,301,302,303,302,302,301,298,300,299,300,304,305,302,301,305,304,302,300,303
Landmark 17,x,273,274,273,273,273,274,274,272,273,271,271,271,270,271,272,280,279,278,277,272,266,267,264,264,266,267,268,268,268,266,274,277,278,277,277,277,268,269,268,267,266,273,272,273,268,269,270,271,272,272,272,272,277,279,280,284,281,274,274,273,273,273,274
Landmark 17,y,307,307,308,308,308,307,306,305,303,303,304,300,299,296,287,299,299,299,297,295,291,294,299,303,297,289,290,294,289,285,285,299,299,296,297,291,283,284,287,285,286,296,305,288,289,289,288,285,281,279,280,281,278,282,283,289,290,293,295,296,298,299,302
Landmark 18,x,286,286,286,286,285,286,286,286,286,285,284,284,282,281,281,291,289,289,286,282,277,276,271,272,274,278,279,279,280,279,286,286,287,288,287,288,280,278,276,276,275,283,282,283,276,277,279,280,280,281,281,281,285,287,288,291,289,284,283,285,284,284,285
Landmark 18,y,291,291,292,291,291,290,289,287,286,285,285,282,280,274,267,283,282,282,281,279,276,279,283,285,282,276,277,279,274,271,272,283,281,280,281,279,267,266,267,267,268,283,291,275,270,268,267,264,261,259,259,259,259,264,264,270,271,273,275,276,278,280,284
Landmark 19,x,308,307,308,307,307,308,308,308,308,307,307,306,305,304,300,310,308,308,304,300,295,293,287,288,290,295,296,297,299,299,303,304,306,307,305,305,300,296,295,294,293,298,298,299,294,297,300,300,300,300,301,301,303,305,306,310,308,305,305,307,307,307,307
Landmark 19,y,287,287,287,286,286,285,284,283,282,281,280,277,274,265,257,275,274,274,273,272,271,272,276,278,276,272,273,273,270,269,269,275,274,273,274,274,264,259,259,260,262,276,283,272,262,260,258,255,252,252,251,251,252,257,258,263,265,267,269,271,274,276,278
Landmark 20,x,330,330,330,330,330,331,330,330,330,330,330,329,328,327,322,330,330,330,324,321,315,312,307,307,309,314,314,317,318,320,322,324,326,327,325,324,321,315,314,314,312,316,317,315,314,318,321,322,321,321,322,322,323,324,326,329,328,328,328,329,329,329,331
Landmark 20,y,290,290,290,289,289,288,287,287,286,285,284,282,278,269,257,274,273,274,272,273,271,273,276,279,277,273,274,274,272,271,270,275,275,275,276,276,267,262,263,263,266,278,284,275,264,262,260,257,255,254,254,254,255,259,261,266,269,270,273,276,278,280,282
Landmark 21,x,352,352,352,353,352,353,352,352,352,352,352,351,350,349,340,350,351,350,343,340,334,330,325,325,325,331,332,336,337,339,341,344,346,347,345,342,340,334,333,332,331,334,337,333,333,338,341,342,341,341,342,343,342,343,345,348,348,349,350,351,351,351,353
Landmark 21,y,297,297,297,296,296,296,296,295,294,294,294,291,288,281,267,282,281,282,279,280,280,281,283,285,285,280,281,281,279,279,277,282,283,283,283,283,277,272,273,274,276,286,290,282,272,271,270,267,264,263,264,264,264,267,272,275,278,279,282,285,287,289,291
Landmark 22,x,390,390,390,389,389,387,387,386,386,386,384,386,384,385,388,385,381,380,378,371,362,360,356,356,357,364,364,366,370,372,375,376,376,377,376,378,378,380,380,376,376,374,374,378,379,381,381,382,384,383,383,384,385,384,385,384,386,386,386,387,387,387,387
Landmark 22,y,291,291,292,292,292,291,291,290,290,289,290,287,285,277,263,278,278,278,277,279,280,281,283,286,284,280,280,279,278,278,276,280,282,282,283,282,277,272,273,274,276,286,292,283,271,268,267,265,262,261,262,261,263,266,270,273,275,277,280,282,283,285,287
Landmark 23,x,411,412,411,410,410,409,408,408,408,408,405,408,405,406,406,404,401,399,397,391,382,380,378,378,378,383,383,387,390,393,394,396,397,397,396,396,399,399,401,397,395,392,395,397,399,402,401,402,404,403,403,403,403,402,403,403,405,407,407,407,408,408,408
Landmark 23,y,283,282,283,283,283,282,281,280,280,279,279,277,274,265,252,270,269,269,268,270,270,273,275,277,275,271,271,270,270,270,268,273,273,273,274,275,268,262,263,265,266,278,285,277,262,259,257,255,252,251,252,252,255,258,260,263,266,267,269,270,272,274,275
Landmark 24,x,431,433,432,431,432,430,430,429,429,430,428,430,427,429,427,425,422,420,419,412,404,402,400,400,400,404,404,409,411,414,415,417,419,419,418,416,421,421,423,419,417,412,416,416,421,424,424,424,426,426,424,426,422,422,422,424,425,428,429,429,430,430,431
Landmark 24,y,278,278,278,278,277,277,276,275,275,274,273,272,269,259,249,269,267,266,267,268,267,272,274,276,273,268,268,268,266,266,266,272,272,271,273,273,264,259,260,262,263,276,283,274,259,257,255,252,250,249,249,249,252,256,256,261,262,262,263,265,266,268,270
Landmark 25,x,452,453,453,452,453,451,451,451,451,451,450,451,449,451,446,442,440,438,438,432,425,422,420,421,421,425,424,430,432,434,434,437,438,438,437,433,442,441,444,440,437,429,434,434,441,445,446,445,447,446,444,446,440,439,440,442,443,448,450,450,452,452,453
Landmark 25,y,280,280,280,280,279,279,278,277,277,276,275,275,273,266,255,276,273,273,273,273,272,278,283,284,281,270,270,273,269,267,268,279,279,277,280,277,266,266,267,268,269,282,291,276,266,265,263,259,258,257,256,256,258,263,263,268,269,267,268,270,271,273,273
Landmark 26,x,464,465,465,464,465,463,463,463,463,463,462,462,461,461,457,452,451,449,449,445,439,435,433,434,434,441,440,444,448,450,449,449,450,450,450,447,456,453,456,454,451,440,445,447,454,456,458,456,458,458,456,458,448,447,448,450,450,459,462,461,463,462,464
Landmark 26,y,294,294,294,295,294,294,293,293,292,293,292,291,290,285,272,291,288,288,288,287,285,293,298,300,295,282,281,288,280,279,279,295,296,293,295,289,280,283,286,285,286,295,307,287,284,284,282,278,277,275,273,274,274,281,280,287,287,283,286,287,288,291,291
Landmark 27,x,375,374,375,375,374,374,374,373,373,374,372,373,372,372,369,369,368,366,361,356,349,343,340,340,341,347,348,351,355,357,358,360,362,362,360,360,359,358,358,356,354,353,354,357,358,362,363,364,364,364,364,365,365,366,367,367,369,369,370,371,371,371,373
Landmark 27,y,318,319,319,318,318,319,318,317,317,316,315,313,312,307,299,302,302,302,300,300,302,304,308,307,306,303,303,302,301,301,300,302,303,303,302,305,304,304,306,307,310,316,317,313,307,303,301,299,297,295,294,294,296,299,302,305,307,307,309,311,311,313,316
Landmark 28,x,377,377,377,377,377,376,377,376,376,376,374,375,374,374,372,372,370,368,363,357,349,343,339,339,341,347,348,351,355,358,359,361,362,362,361,360,360,358,358,356,354,353,355,358,359,363,364,365,365,365,365,366,366,367,368,369,370,371,371,373,373,373,375
Landmark 28,y,342,342,343,342,342,342,341,340,340,339,338,337,335,331,324,325,325,324,322,323,324,326,330,330,329,326,326,324,324,324,324,326,326,326,326,328,329,330,331,332,334,339,341,337,332,329,326,323,320,318,317,318,319,322,324,328,330,331,332,334,335,337,339
Landmark 29,x,380,380,380,380,379,379,380,379,378,379,377,377,377,377,374,374,372,370,365,357,349,342,338,339,341,347,348,351,356,358,360,362,363,363,361,360,360,359,359,356,354,353,355,358,361,364,365,367,366,366,366,366,367,368,368,369,371,372,373,374,375,375,377
Landmark 29,y,366,366,366,365,365,365,364,364,364,363,362,361,359,354,349,348,347,346,345,345,346,348,352,354,354,350,349,348,347,347,348,349,349,349,349,352,353,355,356,357,359,363,364,362,358,355,351,347,344,342,341,341,342,344,347,350,353,355,356,358,360,361,363
Landmark 30,x,383,383,383,382,382,381,383,381,381,381,379,380,379,379,377,376,374,372,366,358,349,341,337,338,341,347,347,351,356,359,360,362,364,364,362,360,360,359,359,356,354,353,355,359,362,366,366,368,367,366,367,367,368,369,369,370,373,374,374,376,376,377,378
Landmark 30,y,390,391,390,389,390,389,388,388,388,387,386,385,382,378,373,371,370,369,368,369,370,371,375,378,378,374,373,372,371,371,372,373,373,372,373,377,378,381,382,383,384,387,388,387,383,380,376,371,368,367,365,365,365,368,370,373,377,378,380,383,385,386,387
Landmark 31,x,358,358,358,359,357,357,357,357,357,357,356,356,355,355,354,351,350,348,343,335,329,322,318,320,322,329,329,332,336,339,341,342,343,342,341,339,339,339,338,336,334,333,334,338,341,343,343,344,343,342,343,343,343,344,345,346,348,349,350,351,351,352,355
Landmark 31,y,402,402,402,402,401,401,401,400,400,399,398,397,396,391,386,385,383,383,382,381,383,384,388,390,390,388,388,386,386,386,387,387,386,385,386,389,391,393,393,395,396,399,399,399,396,393,388,384,381,379,378,377,378,380,383,386,389,390,392,395,396,397,399
Landmark 32,x,370,370,370,370,369,369,369,369,369,369,367,367,367,367,365,363,362,359,355,347,339,331,328,329,331,338,338,342,346,349,351,353,353,353,351,349,349,348,348,346,344,343,344,348,351,354,354,356,354,354,354,355,355,356,357,358,360,361,362,363,363,364,366
Landmark 32,y,405,406,406,405,405,405,404,403,403,403,401,401,399,395,390,389,388,386,386,385,387,389,393,395,396,393,392,391,390,391,391,390,390,390,390,394,396,398,399,400,401,404,405,403,400,397,392,389,385,383,382,381,383,385,387,390,393,394,396,398,400,401,403
Landmark 33,x,382,382,382,382,381,381,381,381,380,380,379,379,378,378,377,375,375,372,367,359,351,342,339,340,342,349,349,353,357,361,362,364,365,364,362,360,359,359,359,357,355,354,356,359,363,365,366,367,366,366,366,366,368,369,369,370,372,373,374,374,375,376,378
Landmark 33,y,408,409,409,408,408,408,408,406,406,406,405,404,403,399,394,392,392,389,389,389,391,393,397,399,399,396,396,394,394,394,395,394,394,393,394,398,400,402,403,404,405,408,410,407,404,401,397,392,389,387,386,385,387,389,391,394,397,398,400,402,403,405,406
Landmark 34,x,392,392,392,392,392,391,392,391,390,390,389,388,388,388,387,385,385,383,378,371,363,355,351,351,354,360,360,364,368,372,373,374,376,375,373,371,371,370,370,368,365,364,367,371,374,377,377,378,377,377,378,378,379,380,380,382,383,384,384,385,385,387,387
Landmark 34,y,404,405,404,404,404,403,403,402,402,402,401,400,398,394,389,388,387,385,384,384,387,389,393,395,395,392,391,390,390,389,390,389,389,389,390,394,396,398,399,400,402,404,405,403,400,396,392,388,385,383,381,381,382,384,386,390,393,394,396,398,399,401,402
Landmark 35,x,401,401,401,401,401,400,400,399,399,399,397,396,397,397,395,394,394,392,388,382,374,366,361,362,365,371,371,375,378,381,382,384,386,385,383,381,381,379,380,377,375,374,377,380,384,386,388,388,387,387,388,388,389,390,390,391,393,393,394,394,394,396,397
Landmark 35,y,400,400,400,399,399,399,399,398,398,398,396,396,394,390,385,384,381,381,380,380,383,385,389,391,391,388,387,386,385,384,385,385,385,385,387,390,392,394,395,396,398,400,400,399,395,392,387,384,381,379,377,377,378,380,382,385,388,389,391,393,394,396,397
Landmark 36,x,301,301,301,301,301,304,304,301,300,298,298,298,297,297,298,305,302,302,298,292,285,284,285,284,284,283,284,285,287,287,291,300,301,300,297,294,290,290,290,288,288,294,294,294,293,293,296,294,294,295,296,296,301,302,303,306,304,302,301,301,300,300,302
Landmark 36,y,329,329,329,329,328,331,330,325,323,322,321,320,318,314,313,315,316,315,312,309,307,310,318,318,314,309,310,309,308,307,308,313,315,313,311,311,311,312,313,314,316,325,326,320,317,313,309,307,304,303,302,302,309,313,314,320,321,321,320,320,322,323,325
Landmark 37,x,313,313,313,313,313,315,314,312,311,310,309,309,308,308,309,315,313,312,308,302,296,294,294,293,293,294,294,296,298,299,302,309,311,310,307,305,301,301,300,299,298,304,305,304,303,304,306,305,305,305,307,306,310,312,314,316,314,313,312,312,312,312,313
Landmark 37,y,326,326,326,326,326,328,327,321,318,316,315,313,311,307,306,310,313,312,308,304,302,306,314,315,311,304,304,303,302,302,302,308,313,311,308,308,307,307,307,308,311,323,325,318,313,308,304,300,298,297,298,297,307,311,312,318,320,320,318,319,320,321,323
Landmark 38,x,328,328,328,328,327,330,328,327,327,327,325,325,325,325,324,327,325,325,320,315,309,306,305,304,305,308,309,311,314,315,316,321,323,323,320,318,316,317,316,314,314,317,317,317,318,319,321,320,321,320,321,321,323,324,326,327,326,326,325,326,326,326,327
Landmark 38,y,325,325,324,324,324,327,326,320,318,317,315,313,312,307,306,310,312,310,307,303,302,305,314,314,310,304,304,303,302,302,303,307,312,310,307,308,307,307,307,308,311,322,323,318,313,308,304,301,299,297,298,297,306,310,311,317,318,318,317,318,319,320,322
Landmark 39,x,342,342,342,342,342,343,341,340,340,340,339,339,339,339,339,339,338,336,333,328,322,319,315,315,316,322,322,325,327,329,331,333,335,335,332,331,332,331,331,329,328,328,329,329,332,334,335,335,335,335,335,335,336,337,337,339,339,339,339,340,339,339,341
Landmark 39,y,327,328,328,327,327,328,327,324,325,325,324,322,321,316,312,312,312,311,308,309,310,311,317,316,314,311,311,310,310,310,309,311,312,310,310,311,313,315,316,316,318,324,323,321,318,314,312,309,307,305,304,304,306,309,311,316,318,317,318,320,321,322,325
Landmark 40,x,329,329,328,329,328,331,329,327,326,326,325,325,324,325,325,328,327,326,322,316,309,306,305,305,305,308,308,311,313,314,317,322,324,323,321,318,316,316,316,313,313,316,317,317,318,319,321,320,320,321,321,321,324,325,326,329,328,327,326,327,327,327,328
Landmark 40,y,334,335,334,334,333,335,333,330,331,331,329,328,327,322,318,317,317,316,314,313,314,315,321,321,319,317,317,316,316,316,316,316,317,315,315,317,319,321,322,323,325,329,329,326,323,321,318,315,313,311,309,309,310,314,316,322,324,323,325,326,327,329,331
Landmark 41,x,314,314,314,314,314,316,315,313,311,310,309,309,308,308,309,316,315,314,309,302,295,294,294,293,293,293,294,296,298,299,302,309,312,311,308,305,301,300,300,298,297,304,305,304,303,304,306,304,304,305,307,306,312,314,314,317,315,314,313,313,313,312,314
Landmark 41,y,336,337,336,335,335,337,335,332,331,332,330,329,327,323,320,318,319,318,315,314,314,316,322,322,320,317,317,317,316,316,316,317,319,317,316,318,320,321,322,323,325,330,330,326,324,322,318,316,313,311,310,310,312,316,318,324,325,325,326,327,329,330,332
Landmark 42,x,402,402,402,402,402,400,401,400,400,400,399,400,398,397,396,395,393,393,391,388,381,375,372,372,375,381,381,384,387,388,389,390,390,390,390,391,390,389,389,388,385,383,384,388,388,392,392,393,394,393,393,395,392,392,394,394,394,396,398,397,398,399,400
Landmark 42,y,324,325,324,324,324,325,323,322,322,322,321,320,319,314,309,310,310,309,306,307,309,312,318,317,314,311,311,310,309,309,309,310,312,310,310,313,314,317,318,318,320,326,324,322,317,315,312,309,307,305,304,304,306,309,312,316,317,316,317,318,319,321,323
Landmark 43,x,415,415,416,416,415,413,413,413,413,413,412,412,411,411,410,406,406,405,404,401,394,388,384,384,388,395,395,398,400,402,403,401,402,402,402,404,404,404,404,403,400,395,397,400,403,405,407,407,408,408,407,409,405,405,407,407,408,410,412,412,413,413,414
Landmark 43,y,319,319,318,319,318,320,319,315,313,311,310,309,307,303,300,306,308,306,302,300,302,306,315,314,309,303,303,301,300,300,301,305,311,309,307,308,308,310,310,311,312,324,325,319,312,307,303,301,299,297,298,297,306,309,311,316,317,316,315,315,316,317,318
Landmark 44,x,429,430,430,430,429,427,427,427,428,429,428,428,427,427,426,418,418,417,416,414,408,401,396,397,401,410,410,413,416,418,418,415,414,415,415,417,420,420,420,419,417,408,410,414,417,421,422,423,423,422,422,423,417,417,419,419,420,423,425,426,426,427,428
Landmark 44,y,319,319,318,318,318,320,318,314,312,310,309,308,306,302,299,306,308,306,302,300,301,307,316,315,310,302,302,300,299,300,300,305,312,310,308,308,308,309,309,310,311,325,327,319,312,307,302,300,298,296,297,297,307,311,312,317,319,318,316,316,316,317,318
Landmark 45,x,441,441,442,441,442,438,438,438,440,441,440,439,438,439,437,428,428,427,427,425,420,413,407,408,412,422,421,425,428,430,430,426,426,426,427,429,432,431,432,431,430,419,421,426,429,432,433,433,435,434,433,435,428,427,429,429,430,433,436,436,437,438,439
Landmark 45,y,320,321,320,320,319,322,320,318,316,315,314,314,312,308,304,310,310,308,305,305,307,312,319,318,313,307,307,306,305,305,305,310,314,312,311,312,311,315,315,316,316,328,328,321,315,312,308,306,304,302,302,302,308,312,314,318,320,318,317,317,318,319,319
Landmark 46,x,431,432,432,431,431,428,429,429,430,431,431,431,430,430,428,419,418,418,417,415,409,402,396,396,401,411,411,414,417,419,420,415,414,415,415,418,421,421,422,420,418,408,409,414,418,422,423,424,425,424,423,425,417,416,419,418,420,423,426,426,427,429,429
Landmark 46,y,328,329,328,328,327,329,327,325,325,325,324,323,321,317,313,314,314,312,309,310,312,317,324,322,319,315,316,314,313,314,314,315,318,316,316,318,320,323,324,325,326,333,332,327,322,320,316,314,312,310,308,309,312,315,318,322,324,323,323,324,325,326,327
Landmark 47,x,417,417,417,417,417,414,415,415,415,416,415,415,414,413,412,407,407,406,404,402,396,388,384,384,388,396,396,399,402,403,404,401,402,402,403,405,405,405,405,404,401,395,396,401,403,407,408,408,409,409,409,410,405,405,407,406,407,410,412,412,413,414,415
Landmark 47,y,329,329,329,329,328,330,327,326,326,326,325,324,323,318,313,313,314,312,309,310,313,316,323,321,318,315,316,314,314,314,314,314,317,315,315,318,320,323,324,324,326,332,330,327,322,320,317,315,312,310,309,309,311,314,317,321,323,322,323,324,325,326,327
Landmark 48,x,343,343,343,343,342,342,341,342,341,341,341,340,340,341,339,337,336,333,329,321,313,309,307,310,311,316,316,320,323,325,328,329,329,328,325,325,322,322,323,323,321,322,322,326,329,330,329,328,327,327,328,328,328,329,329,329,331,331,333,333,334,334,335
Landmark 48,y,449,450,450,450,449,449,448,448,449,449,448,447,447,444,440,438,436,434,433,430,431,434,436,439,440,437,437,437,437,436,437,438,437,437,438,439,440,442,445,447,449,453,452,451,446,443,440,436,432,430,428,428,428,429,432,432,435,436,438,440,441,442,443
Landmark 49,x,355,355,355,356,355,355,354,355,354,353,353,352,352,353,350,346,346,344,339,333,325,318,316,318,321,327,326,331,334,337,339,340,341,339,336,335,333,333,334,332,330,329,331,336,340,341,341,341,338,338,338,339,339,341,340,342,344,344,346,346,346,348,349
Landmark 49,y,438,439,439,439,438,438,437,436,437,436,436,434,432,428,424,422,420,420,419,418,419,421,426,429,431,429,428,427,426,426,428,428,428,425,425,428,430,431,432,434,436,439,442,441,438,433,428,423,419,417,414,414,415,416,419,421,425,425,427,429,431,432,434
Landmark 50,x,370,371,370,371,370,370,369,369,369,368,368,368,367,368,366,362,362,361,355,348,341,332,329,330,333,340,339,344,348,351,352,353,354,353,350,349,347,347,347,344,344,342,344,349,353,355,356,356,353,353,353,354,355,357,355,358,360,360,361,361,362,363,364
Landmark 50,y,434,434,434,434,434,433,432,432,431,431,430,428,426,422,418,416,415,414,414,414,415,417,422,426,428,424,424,422,421,421,423,423,422,420,420,424,425,427,428,429,430,434,437,437,434,428,423,417,414,412,410,409,410,412,415,417,421,422,424,426,427,429,431
Landmark 51,x,381,381,382,382,381,381,381,380,381,380,379,378,378,378,377,374,374,373,368,361,353,344,341,341,344,351,350,354,358,361,363,364,365,364,362,361,360,359,359,356,355,353,356,361,364,366,367,367,365,365,365,366,367,369,368,369,372,371,373,374,374,375,376
Landmark 51,y,437,437,437,437,437,436,436,435,435,434,433,432,429,425,421,419,418,417,416,417,418,420,425,429,430,427,427,425,423,424,425,426,425,423,424,428,429,431,432,433,434,438,441,441,437,432,426,420,417,415,413,413,413,416,419,421,424,425,427,429,431,432,434
Landmark 52,x,393,394,394,393,393,393,393,392,393,392,391,390,390,390,389,387,387,385,381,375,367,356,354,354,356,362,362,366,370,373,374,376,377,376,375,374,372,371,371,367,366,364,368,373,374,378,379,379,378,378,379,380,379,381,381,382,384,384,386,387,387,388,389
Landmark 52,y,432,433,433,432,433,432,431,430,430,430,429,427,425,422,417,416,415,414,413,413,415,417,423,426,428,424,423,422,420,421,422,422,422,420,421,425,426,428,429,430,432,435,438,437,433,428,422,417,414,412,410,410,410,413,415,418,421,422,423,425,427,429,430
Landmark 53,x,408,409,409,408,408,408,408,407,408,407,405,406,406,406,405,404,405,403,400,394,386,376,372,372,374,379,380,383,386,389,390,391,393,392,391,390,389,387,387,384,382,381,383,388,390,394,395,396,395,395,396,396,396,398,397,399,401,400,402,403,403,404,405
Landmark 53,y,435,436,436,436,436,435,435,434,434,434,433,432,430,427,422,420,418,418,416,417,419,422,427,430,431,427,427,426,425,425,427,427,426,425,425,430,432,433,435,436,438,441,443,441,436,431,426,421,418,416,414,414,414,417,419,421,425,425,427,428,430,431,432
Landmark 54,x,419,420,420,419,419,419,419,418,418,418,417,417,417,417,416,415,417,416,413,409,402,392,388,389,391,395,396,399,401,403,404,404,406,405,404,403,403,401,402,398,396,394,396,400,403,406,409,409,409,409,409,410,409,410,410,412,412,412,414,415,415,416,417
Landmark 54,y,443,443,442,443,442,442,441,441,443,443,442,442,441,439,435,432,428,427,426,425,427,433,437,437,437,435,435,434,434,434,435,435,434,434,436,439,441,444,446,448,451,455,453,449,443,438,434,431,428,425,424,424,424,425,428,430,432,432,434,435,436,437,437
Landmark 55,x,410,411,411,411,410,410,410,409,410,409,407,408,408,408,407,407,406,405,402,396,387,377,373,373,375,381,382,385,388,390,392,392,394,393,392,391,390,388,388,385,383,382,384,388,391,395,396,397,396,396,397,397,397,398,398,399,401,401,403,404,405,406,407
Landmark 55,y,462,462,462,462,462,462,462,462,463,463,463,464,465,464,461,457,452,449,445,444,448,455,456,450,449,448,449,448,449,450,448,447,447,450,455,457,458,460,462,465,471,474,468,460,454,452,452,450,448,445,443,444,444,445,447,449,451,453,454,455,456,458,458
Landmark 56,x,397,398,397,397,397,396,397,396,397,396,394,394,394,394,392,391,391,389,385,378,369,358,357,356,359,365,365,370,373,375,378,379,381,378,376,376,374,373,373,370,368,367,369,374,376,380,381,382,379,380,381,381,381,382,383,384,386,386,388,390,390,391,393
Landmark 56,y,473,473,473,473,473,473,473,474,475,474,475,476,477,477,475,470,465,460,456,455,457,465,463,457,454,455,455,455,457,458,456,455,455,459,465,466,467,468,470,473,480,483,476,467,461,461,462,461,459,456,453,455,455,455,457,459,461,464,465,466,467,469,469
Landmark 57,x,384,385,384,385,384,383,383,383,383,383,382,381,381,381,380,377,377,376,371,364,355,345,343,343,346,353,352,357,360,363,366,366,368,365,363,362,360,360,360,358,356,355,357,362,365,368,368,369,366,366,367,367,367,369,369,370,372,372,374,375,376,377,379
Landmark 57,y,475,475,475,475,476,476,476,476,477,477,477,478,480,479,477,472,468,463,459,457,459,466,464,457,455,457,457,456,459,460,458,457,457,460,466,468,468,469,470,474,481,484,477,468,463,463,465,463,461,458,455,457,457,457,459,461,463,467,467,469,470,472,472
Landmark 58,x,372,373,372,373,372,372,370,371,371,371,370,369,369,370,368,364,364,363,357,350,341,333,330,331,334,341,340,346,349,352,354,354,356,353,351,349,347,347,348,345,343,343,344,350,354,355,356,357,353,353,354,354,355,357,356,358,360,360,361,362,363,364,367
Landmark 58,y,475,475,475,475,475,475,475,476,476,476,477,478,479,478,476,471,466,462,457,456,457,463,462,456,454,455,455,455,458,458,456,456,456,458,465,465,466,467,468,472,479,482,475,467,462,463,464,463,459,456,454,455,455,455,457,459,461,465,466,468,469,470,471
Landmark 59,x,357,357,357,357,356,356,355,356,355,355,355,354,353,354,352,348,348,347,342,334,326,319,318,320,323,329,328,333,336,338,341,342,343,341,337,336,334,334,335,333,330,331,332,337,341,342,342,342,338,339,340,340,340,342,342,343,344,344,346,347,347,349,351
Landmark 59,y,467,468,467,467,467,467,467,467,467,467,467,468,468,466,465,460,456,453,449,447,449,453,453,451,450,450,450,449,451,451,450,449,449,451,455,456,457,458,460,462,468,471,466,461,457,456,456,455,450,448,445,447,446,447,448,451,453,455,457,459,460,462,463
Landmark 60,x,349,349,349,349,349,347,347,347,346,347,346,346,346,346,344,341,340,337,334,327,318,314,311,313,316,322,322,326,329,332,334,334,335,334,331,329,328,328,329,329,328,327,328,332,335,337,334,334,333,333,333,333,333,334,334,333,336,336,338,339,339,340,341
Landmark 60,y,449,450,449,449,449,449,448,448,448,448,448,448,446,443,440,438,435,434,432,430,431,434,436,438,439,437,437,436,437,436,437,437,436,436,437,439,440,441,444,446,449,453,452,450,446,442,439,435,431,429,427,428,427,428,432,432,435,436,438,440,441,443,444
Landmark 61,x,371,371,371,371,370,371,370,370,370,369,369,368,368,369,367,362,363,362,356,349,341,332,329,330,333,340,339,344,348,351,353,353,355,353,351,349,347,347,347,344,344,342,344,349,353,355,356,357,353,353,354,354,355,357,356,358,360,360,361,362,362,363,365
Landmark 61,y,440,441,440,440,439,439,439,438,438,437,437,436,434,428,425,422,421,420,420,421,421,423,428,432,436,431,431,429,428,428,429,429,429,426,426,430,432,434,435,436,438,441,444,447,444,437,430,425,421,418,416,415,417,419,422,424,427,428,429,432,433,435,437
Landmark 62,x,382,382,382,383,382,381,382,381,381,381,380,379,379,379,378,375,375,374,369,362,354,344,341,341,344,351,351,355,359,362,364,365,366,364,362,361,360,359,359,356,355,353,357,361,364,366,367,368,365,365,366,366,367,369,368,370,372,372,373,374,374,376,377
Landmark 62,y,441,441,441,441,441,441,440,439,439,438,437,437,435,429,426,422,421,421,420,422,422,424,429,434,437,432,432,430,429,429,430,430,430,427,427,432,434,436,437,438,440,442,445,449,445,438,430,426,422,419,417,417,418,420,423,425,428,429,430,433,435,436,438
Landmark 63,x,394,395,395,394,394,394,394,393,394,393,391,391,391,391,389,387,388,386,382,376,367,356,354,355,357,363,363,367,371,373,375,376,378,376,375,374,373,371,371,368,366,365,368,373,375,379,379,380,378,378,379,380,380,381,381,383,385,384,386,388,388,389,390
Landmark 63,y,438,439,439,438,438,438,437,437,436,436,435,435,433,427,424,421,420,419,419,420,421,424,429,432,435,431,430,428,427,428,429,429,428,426,426,431,433,435,437,437,439,442,445,447,443,436,429,424,421,418,416,416,417,419,422,424,427,427,428,431,432,434,435
Landmark 64,x,414,414,414,414,413,413,414,413,413,412,411,411,412,411,412,411,412,412,408,403,397,387,383,384,385,389,390,392,395,397,397,398,400,399,398,398,397,395,395,392,389,388,389,394,397,400,403,402,403,403,404,404,404,405,404,407,407,407,409,410,410,410,412
Landmark 64,y,444,444,443,443,443,443,443,442,444,444,443,443,442,440,436,433,429,428,427,426,428,433,437,437,437,435,435,434,434,434,434,434,434,434,436,438,441,443,445,448,451,455,453,449,443,438,434,431,428,426,424,425,425,426,429,431,433,434,434,436,437,438,439
Landmark 65,x,395,396,396,395,395,394,395,394,395,394,392,392,393,392,390,389,389,388,383,377,368,357,355,355,357,364,364,368,372,374,376,377,379,377,375,375,373,372,372,369,366,366,368,373,375,379,380,381,379,379,380,380,380,381,382,383,385,385,387,389,389,390,391
Landmark 65,y,457,457,457,458,458,458,458,458,459,460,459,461,463,462,460,457,451,446,442,441,444,450,450,444,441,442,442,441,442,443,441,441,441,443,449,452,452,453,454,458,462,468,459,450,445,446,449,447,445,442,439,440,440,441,442,445,447,449,449,451,452,454,455
Landmark 66,x,383,383,383,383,383,382,382,382,382,381,380,380,380,380,379,376,376,375,370,363,354,345,342,342,345,352,352,356,360,362,365,366,367,365,363,362,360,359,360,357,355,354,357,361,365,367,368,369,366,366,366,367,367,369,369,370,372,372,374,375,375,376,378
Landmark 66,y,461,461,461,461,461,462,461,461,463,463,463,464,466,465,463,460,454,449,445,443,446,451,452,446,443,443,444,442,444,445,443,443,444,446,452,454,454,455,455,459,464,470,460,452,448,449,452,450,447,444,442,443,443,443,445,447,449,452,452,455,455,458,458
Landmark 67,x,371,372,371,372,371,371,370,370,370,370,369,368,369,369,367,363,364,362,357,350,341,333,330,331,334,341,340,345,349,352,354,354,356,354,351,349,348,347,348,345,344,343,345,349,354,355,356,357,353,354,354,354,355,357,356,358,360,360,361,362,363,364,366
Landmark 67,y,459,459,459,460,459,460,459,460,461,461,461,462,463,463,461,458,452,447,443,442,444,448,449,444,441,442,441,441,442,443,441,441,441,443,449,451,451,452,452,455,461,467,457,450,446,448,450,448,445,442,439,441,440,441,443,445,447,449,450,453,453,455,456
