major,minor,Frame 0,Frame 1,Frame 2,Frame 3,Frame 4,Frame 5,Frame 6,Frame 7,Frame 8,Frame 9,Frame 10,Frame 11,Frame 12,Frame 13,Frame 14,Frame 15,Frame 16,Frame 17,Frame 18,Frame 19,Frame 20,Frame 21,Frame 22,Frame 23,Frame 24,Frame 25,Frame 26,Frame 27,Frame 28,Frame 29,Frame 30,Frame 31,Frame 32,Frame 33,Frame 34,Frame 35,Frame 36,Frame 37,Frame 38,Frame 39,Frame 40,Frame 41,Frame 42,Frame 43,Frame 44,Frame 45,Frame 46,Frame 47,Frame 48,Frame 49,Frame 50,Frame 51,Frame 52,Frame 53,Frame 54,Frame 55,Frame 56,Frame 57,Frame 58,Frame 59,Frame 60,Frame 61,Frame 62,Frame 63,Frame 64,Frame 65,Frame 66,Frame 67,Frame 68,Frame 69,Frame 70,Frame 71,Frame 72,Frame 73,Frame 74,Frame 75,Frame 76,Frame 77,Frame 78,Frame 79,Frame 80,Frame 81,Frame 82,Frame 83,Frame 84,Frame 85,Frame 86,Frame 87,Frame 88,Frame 89,Frame 90,Frame 91,Frame 92,Frame 93
Landmark 0,x,226,228,227,228,228,229,229,230,230,229,230,228,228,227,226,226,225,223,224,223,221,222,221,223,222,225,226,226,228,228,229,228,229,227,226,225,227,225,227,227,228,227,227,228,228,230,231,233,235,236,239,240,240,241,241,242,242,241,242,242,239,242,241,239,238,238,234,235,234,233,231,230,229,228,226,225,225,224,225,224,224,225,223,223,223,223,225,222,228,226,227,229,231,231
Landmark 0,y,327,323,325,323,326,323,323,330,328,328,330,332,334,335,335,337,335,336,331,327,327,322,329,329,326,330,327,329,326,324,321,323,321,323,317,322,324,322,326,328,324,327,325,328,328,325,327,327,327,326,323,324,324,322,325,325,324,321,323,320,327,321,321,322,326,324,322,324,327,319,324,325,321,329,327,325,324,326,327,324,321,325,324,328,323,327,336,344,360,360,362,355,342,340
Landmark 1,x,227,228,228,228,230,230,230,230,230,230,230,229,229,228,227,227,226,225,225,224,222,222,222,224,224,226,227,227,229,229,229,228,229,227,225,225,226,225,227,228,228,227,227,229,229,231,232,233,235,236,239,239,240,240,241,241,241,241,242,241,240,241,240,239,239,238,234,234,233,233,232,231,229,229,226,225,225,224,224,224,223,224,222,223,221,223,224,221,227,226,226,228,229,229
Landmark 1,y,359,356,359,356,358,356,356,362,362,361,365,367,369,370,370,372,370,369,365,361,360,356,362,362,361,364,361,363,361,359,356,357,354,357,349,354,357,355,359,362,359,361,359,361,361,358,361,360,360,359,356,356,355,353,356,357,356,352,355,352,358,353,353,355,358,356,354,356,358,351,357,357,353,361,360,358,355,358,359,355,353,356,356,361,356,360,369,378,393,394,395,389,376,375
Landmark 2,x,230,231,231,232,233,233,233,233,233,233,233,233,233,232,230,231,229,228,228,227,225,225,226,227,227,230,230,231,233,231,232,231,231,230,227,228,228,228,229,230,231,231,231,232,232,234,235,236,238,238,241,241,242,242,243,244,243,243,243,243,243,243,242,241,241,240,236,237,236,234,235,234,231,231,230,228,228,227,227,226,225,226,225,225,223,225,225,223,228,228,227,229,230,230
Landmark 2,y,392,389,393,389,391,389,390,395,397,396,400,402,403,404,404,408,405,403,399,396,394,391,397,396,397,399,397,398,396,394,392,391,388,391,384,389,391,389,392,396,394,396,394,395,394,392,395,393,393,392,390,389,387,387,388,390,388,385,388,385,391,385,386,388,390,389,387,390,390,384,390,391,386,393,393,391,388,391,391,390,386,389,390,394,390,394,403,412,424,426,429,422,411,411
Landmark 3,x,236,237,238,237,238,239,239,239,239,239,240,239,239,238,237,239,236,235,234,233,230,230,233,234,234,237,236,238,239,238,238,237,236,235,232,234,234,234,235,236,237,237,237,239,238,240,241,242,244,243,246,245,245,247,247,248,248,247,248,248,248,248,247,246,247,245,242,242,241,240,240,239,236,237,236,234,233,233,233,232,230,231,231,231,228,230,231,229,234,234,234,234,234,235
Landmark 3,y,425,422,425,423,423,422,423,427,430,430,435,437,437,438,439,442,440,438,433,430,428,425,430,429,430,432,431,432,431,429,426,425,421,424,417,422,424,423,425,429,428,430,428,427,427,424,429,425,426,424,423,422,420,419,420,421,420,417,420,417,422,417,418,420,422,421,419,422,422,417,422,422,419,424,424,424,420,423,423,422,419,421,424,428,424,429,438,445,456,459,462,455,445,446
Landmark 4,x,247,246,247,247,248,248,249,250,249,251,251,251,250,249,249,251,248,245,245,244,241,240,244,245,246,248,247,250,250,250,248,246,245,243,239,243,244,243,244,247,247,247,248,248,249,249,251,251,253,252,254,254,253,255,256,258,256,255,256,257,258,257,257,256,256,254,252,251,250,249,250,249,245,248,246,243,242,242,242,241,239,240,241,242,238,241,241,241,244,245,245,243,243,245
Landmark 4,y,457,454,457,455,455,454,456,459,462,462,467,470,470,471,471,475,472,470,466,462,460,458,462,460,462,463,463,463,464,462,460,458,454,455,449,454,456,455,456,460,460,461,460,458,457,455,461,457,458,455,455,453,451,450,452,452,451,449,450,448,453,449,449,451,453,452,451,453,453,447,453,451,449,454,455,455,452,455,453,453,451,453,455,460,458,461,472,477,487,490,493,486,478,479
Landmark 5,x,263,261,262,262,262,263,264,265,264,267,268,268,267,266,266,268,264,262,261,260,256,256,261,262,263,265,265,267,267,267,264,262,259,258,252,258,259,258,259,263,263,263,263,263,264,264,267,265,267,264,267,267,265,268,269,272,269,269,270,271,273,272,271,270,270,268,268,266,265,263,264,264,261,263,260,258,257,257,255,254,254,253,256,257,255,258,259,261,262,262,263,260,261,264
Landmark 5,y,484,481,485,483,483,483,483,487,490,491,495,497,498,498,499,501,499,496,493,489,488,487,489,486,489,489,490,490,493,492,490,487,482,482,477,481,484,483,484,487,487,488,487,484,483,483,488,484,485,483,481,479,478,477,480,478,479,476,477,475,479,476,476,476,479,478,477,479,480,475,480,477,476,479,481,483,480,484,481,481,479,481,482,487,486,490,501,504,515,517,519,513,506,507
Landmark 6,x,285,283,284,284,284,284,286,287,286,289,290,290,289,287,289,291,287,284,283,281,278,277,282,284,285,288,287,289,289,289,285,283,280,279,273,279,280,280,281,286,285,286,285,285,285,285,289,286,287,285,288,288,286,288,290,292,290,289,290,291,294,293,291,291,291,289,289,287,286,285,285,285,283,285,281,280,279,279,275,274,274,273,277,279,276,281,282,284,284,283,284,283,284,286
Landmark 6,y,506,504,507,505,505,506,507,510,511,514,517,519,520,520,521,522,521,519,517,513,511,511,511,509,511,512,512,513,517,517,515,513,506,504,500,503,508,506,507,508,509,509,509,505,505,506,509,506,507,504,501,500,500,499,500,499,500,498,498,495,498,496,497,497,499,499,499,499,501,497,501,496,496,499,500,503,502,505,504,504,501,504,506,510,510,514,525,528,537,541,542,536,530,531
Landmark 7,x,310,308,309,311,309,310,312,311,311,312,314,315,313,312,314,314,312,309,308,304,304,303,306,309,310,312,311,313,314,314,310,309,305,305,299,303,305,304,306,310,310,310,311,310,310,310,313,310,312,310,313,313,311,312,314,316,315,314,316,316,320,317,316,316,316,315,314,311,310,309,310,309,307,310,307,306,305,304,299,300,298,298,302,303,301,306,307,307,307,304,306,305,307,309
Landmark 7,y,523,522,524,523,523,524,524,528,527,531,535,535,536,536,536,537,537,536,534,530,529,529,528,526,529,531,531,532,537,538,537,534,526,521,518,521,528,525,525,526,527,526,525,522,523,524,527,524,525,521,516,515,516,515,516,515,516,514,515,510,514,511,511,512,514,515,515,516,517,515,517,512,513,514,515,519,518,521,522,522,518,522,525,528,528,532,543,548,557,562,563,557,551,551
Landmark 8,x,340,338,339,341,339,340,341,340,340,341,342,342,342,340,342,342,341,338,336,332,333,332,333,336,338,340,340,340,342,341,339,338,334,335,331,333,335,334,335,339,339,339,339,338,339,339,342,338,340,340,342,341,340,340,343,343,343,343,345,344,349,346,344,344,345,344,343,340,338,337,338,336,336,338,336,334,335,332,329,329,327,328,331,332,329,335,336,335,333,331,333,333,335,337
Landmark 8,y,527,527,528,528,528,529,530,534,533,538,541,540,541,542,542,543,543,542,541,537,536,536,533,531,533,536,536,538,543,544,544,541,533,527,524,528,534,531,532,531,532,531,531,527,528,530,532,530,530,527,521,521,522,521,522,521,522,520,521,516,519,516,517,517,519,519,520,520,521,520,521,517,518,518,519,522,521,526,528,527,523,528,530,534,535,539,548,555,564,570,571,564,558,560
Landmark 9,x,369,368,370,371,369,370,370,369,368,370,371,371,370,369,371,369,369,367,365,361,363,362,362,363,365,367,368,368,370,369,369,367,365,367,364,364,366,364,365,367,368,368,368,367,367,368,372,368,369,371,373,370,371,370,374,372,372,373,374,374,380,376,373,373,373,373,372,369,367,366,367,365,365,367,366,364,365,362,360,360,359,360,362,362,359,365,365,364,361,360,362,362,364,366
Landmark 9,y,522,522,523,523,524,524,526,530,529,534,536,535,537,537,537,539,538,538,535,533,532,531,529,527,529,532,531,534,538,539,539,536,528,523,521,523,530,526,528,526,528,527,527,523,525,526,528,526,527,524,517,518,519,519,520,518,519,518,518,514,514,512,513,513,515,515,515,516,517,516,517,513,515,513,514,517,517,521,525,524,520,524,527,530,532,535,543,550,560,566,567,561,555,555
Landmark 10,x,396,395,396,397,397,396,396,395,395,395,396,395,395,394,395,394,394,392,390,387,390,389,387,387,391,392,392,393,395,394,395,394,393,395,394,392,393,392,393,394,394,395,395,395,394,395,399,395,396,399,402,399,400,398,402,400,402,401,403,402,407,403,400,400,401,400,399,396,394,393,393,390,392,393,393,392,391,389,388,388,388,389,390,391,386,392,391,391,388,387,389,389,391,393
Landmark 10,y,507,506,508,508,510,509,510,513,514,518,520,519,521,521,520,523,522,521,518,517,516,516,511,509,511,513,513,516,519,521,520,519,511,508,508,507,514,510,513,511,513,512,512,508,508,511,511,510,512,509,502,504,505,506,506,504,506,504,504,501,499,498,499,500,502,501,501,502,503,500,502,497,500,498,500,501,500,506,509,508,505,508,509,513,515,518,525,532,544,550,550,546,538,538
Landmark 11,x,421,421,422,423,423,422,420,420,422,419,419,419,420,418,419,418,418,417,414,412,416,414,412,412,416,418,417,417,420,419,419,420,419,421,420,418,420,419,420,420,421,420,420,423,421,421,425,422,422,425,430,426,428,424,429,427,429,428,429,427,432,428,425,426,426,426,424,423,420,417,419,416,418,419,420,419,418,416,414,414,415,416,415,418,413,418,418,417,414,414,415,417,420,421
Landmark 11,y,487,486,488,488,490,490,489,492,494,497,499,497,501,501,499,502,502,501,496,496,495,495,489,489,489,491,491,495,495,497,496,496,490,488,488,487,493,491,492,491,493,492,492,487,488,491,491,489,491,490,483,486,486,487,487,485,487,486,485,483,481,479,480,482,485,483,483,485,486,479,484,478,482,481,482,482,481,487,487,487,485,487,487,493,494,496,504,512,524,532,531,527,519,518
Landmark 12,x,440,440,442,444,442,441,439,440,441,439,439,439,441,438,438,438,438,437,434,433,436,434,432,434,436,439,437,438,439,440,439,440,439,441,441,439,440,440,440,442,442,440,440,444,442,442,445,442,443,445,450,447,449,446,449,448,449,448,449,448,451,447,445,446,446,445,443,444,440,437,440,437,439,439,440,438,437,436,433,435,436,436,436,439,435,439,439,440,437,438,437,440,444,443
Landmark 12,y,460,460,461,461,462,463,462,465,467,470,472,470,473,474,473,475,475,473,469,469,467,468,462,463,461,463,463,467,466,469,466,467,462,462,462,461,465,463,465,465,466,465,464,460,461,464,464,462,465,463,457,461,460,462,462,461,462,461,460,459,456,454,455,458,461,458,457,460,462,453,458,452,456,456,457,455,453,460,460,460,458,460,460,465,467,469,478,486,499,509,508,503,495,493
Landmark 13,x,452,452,455,456,454,453,453,455,455,454,454,454,455,453,452,453,452,451,448,448,450,448,448,449,449,453,452,452,454,455,453,455,453,454,452,452,453,454,454,456,455,454,454,456,455,456,458,457,458,458,462,460,462,461,462,461,462,461,462,462,463,461,459,461,459,457,456,457,455,451,454,451,451,452,452,450,448,449,446,448,449,449,449,453,450,454,454,455,454,455,455,457,460,460
Landmark 13,y,427,427,428,427,430,430,429,434,435,438,440,437,440,442,441,442,442,440,437,436,433,434,429,432,428,430,430,434,432,436,432,434,429,429,429,428,432,430,431,432,432,431,430,426,429,431,430,429,432,431,424,428,427,431,429,430,430,429,429,428,426,423,423,425,430,426,425,428,431,421,427,421,423,425,424,422,421,428,428,426,425,426,427,432,434,436,445,455,468,478,477,470,463,461
Landmark 14,x,457,457,459,460,459,459,459,462,461,461,460,460,461,460,459,458,458,457,454,454,455,453,454,456,456,459,458,458,460,462,460,462,460,459,458,458,460,460,459,462,460,459,460,461,462,462,464,464,464,464,467,466,467,467,468,467,469,467,468,467,467,467,465,466,465,462,462,463,461,458,460,458,458,458,458,456,454,455,453,454,455,455,456,458,457,460,460,461,462,463,463,465,467,468
Landmark 14,y,392,391,391,391,393,394,394,399,400,402,405,402,404,406,405,406,406,405,402,400,397,397,393,396,392,394,394,399,395,399,395,397,393,393,392,392,395,393,395,397,395,394,393,390,393,394,393,394,395,395,389,393,391,395,394,395,395,393,393,392,392,389,389,390,396,392,390,393,396,386,392,386,388,392,389,388,387,392,393,390,390,391,391,395,398,401,409,421,434,444,443,435,428,426
Landmark 15,x,458,459,460,462,461,461,461,463,463,464,463,463,464,462,461,461,461,459,457,456,456,455,457,458,458,462,461,461,463,464,463,464,462,461,461,461,463,462,461,464,463,462,463,464,464,465,466,467,467,466,469,469,469,470,470,470,470,470,470,470,469,469,468,468,467,465,464,465,463,461,462,460,461,460,459,458,458,457,456,456,457,457,458,460,459,461,461,462,464,466,466,468,470,471
Landmark 15,y,354,353,352,352,356,357,355,362,363,363,367,365,366,368,367,368,368,367,364,363,359,359,355,358,352,355,355,359,356,361,355,357,355,356,354,353,356,354,356,357,356,355,354,352,355,355,355,356,357,358,352,356,353,356,357,358,357,355,355,356,357,352,352,353,360,356,353,355,360,349,355,350,351,355,351,352,350,355,355,352,353,354,353,357,360,364,372,385,397,408,407,398,392,390
Landmark 16,x,459,460,460,462,462,463,463,464,464,465,465,465,465,464,463,462,462,461,458,458,458,457,457,459,459,462,461,462,463,465,465,465,464,463,462,462,465,463,462,465,464,464,465,465,466,466,467,469,469,468,470,471,470,471,472,470,472,471,472,471,470,469,469,469,469,467,466,467,464,462,464,462,461,461,459,459,458,458,457,457,458,458,458,460,459,461,462,464,465,469,469,470,473,473
Landmark 16,y,319,318,316,315,320,322,319,328,328,329,331,330,331,332,332,332,333,332,330,327,324,324,319,321,315,318,318,322,320,324,318,320,318,321,319,317,320,317,320,321,319,317,317,316,319,320,318,320,321,323,317,321,317,320,323,322,321,319,320,321,324,318,318,318,326,322,318,320,326,314,320,315,316,321,316,317,315,320,320,317,317,319,317,322,323,328,337,349,362,373,372,362,357,354
Landmark 17,x,239,240,240,241,240,242,242,247,250,247,248,249,247,247,246,245,244,243,244,241,240,239,237,239,237,238,238,240,241,242,242,241,241,239,239,236,238,238,239,237,238,241,240,240,241,242,242,244,245,246,252,252,252,252,255,253,255,251,254,259,258,258,259,256,253,250,250,248,248,246,245,244,243,240,239,239,238,237,238,236,235,236,235,235,241,240,242,240,247,242,244,244,246,246
Landmark 17,y,293,295,293,295,300,298,297,295,300,304,305,306,307,308,307,307,307,307,305,302,301,302,301,301,302,302,304,304,303,300,299,298,296,296,296,297,299,300,304,304,309,307,306,304,303,299,302,298,300,301,295,295,299,295,296,296,296,299,299,293,293,292,291,292,296,299,295,295,295,294,295,295,292,297,295,295,295,294,295,295,296,296,296,301,299,305,312,326,336,341,340,335,326,322
Landmark 18,x,251,251,252,252,250,252,254,258,261,259,261,260,259,258,258,257,256,254,254,251,250,250,247,249,248,250,249,251,251,253,254,253,253,252,252,249,250,251,249,249,249,252,252,252,253,254,254,256,256,257,264,264,263,265,266,264,265,263,264,270,268,270,271,268,264,261,262,259,259,257,255,255,255,250,250,249,249,248,248,247,246,248,248,246,252,252,253,253,261,257,260,257,260,262
Landmark 18,y,274,274,274,275,278,276,276,277,281,286,288,289,289,289,289,288,288,287,285,284,281,281,282,281,282,281,283,282,280,278,277,277,277,276,276,277,279,280,283,283,286,286,285,285,283,280,280,278,279,280,276,276,277,276,276,276,276,278,278,275,275,275,275,274,275,277,276,276,276,276,276,275,274,275,274,275,275,275,276,276,276,276,277,280,280,286,294,309,321,326,325,317,309,305
Landmark 19,x,274,274,275,276,275,277,278,280,283,281,283,283,282,281,281,280,279,276,276,273,273,272,270,272,272,274,274,275,276,278,278,277,278,277,277,274,274,275,273,273,274,276,277,276,276,278,278,279,280,280,287,287,286,289,288,288,289,286,288,292,290,291,294,290,287,285,286,282,282,280,278,279,278,274,273,271,271,270,270,269,270,271,271,269,274,274,276,277,285,282,284,282,285,287
Landmark 19,y,268,268,268,269,269,269,270,272,276,280,284,285,284,285,284,283,283,282,280,277,276,275,275,275,275,274,274,273,272,271,270,270,271,270,271,271,273,275,276,276,279,280,280,279,277,273,274,273,273,272,272,272,271,271,270,270,270,271,270,270,269,270,270,270,269,270,272,271,271,271,270,269,269,268,268,269,269,269,270,270,271,271,272,273,275,281,291,308,322,327,326,316,309,306
Landmark 20,x,298,299,299,300,300,302,304,304,305,305,306,307,306,305,304,304,303,300,299,296,297,297,294,296,297,299,299,301,302,303,304,302,303,302,302,300,299,300,299,299,300,302,302,300,300,302,302,304,304,305,310,310,310,312,312,311,312,311,311,314,312,314,316,313,311,310,309,306,306,303,301,303,300,298,296,294,294,293,293,293,294,295,295,294,297,297,299,300,307,305,306,305,307,310
Landmark 20,y,273,273,273,274,274,275,276,278,280,284,289,291,291,291,290,289,288,288,285,282,281,281,280,280,281,280,280,279,277,277,276,275,276,276,277,277,279,281,282,281,284,286,287,285,283,280,281,278,279,278,278,278,277,277,276,276,276,276,276,276,273,275,276,276,275,276,278,278,277,276,275,274,274,273,273,274,275,274,275,275,276,277,277,279,281,288,298,315,331,336,334,325,319,315
Landmark 21,x,321,322,323,324,325,327,328,326,328,329,329,328,328,327,327,326,325,323,322,320,320,320,317,319,320,323,324,325,326,326,327,326,326,326,325,324,322,324,324,323,325,326,327,324,325,326,326,328,327,329,333,332,334,335,335,335,335,335,335,336,335,335,337,335,333,333,331,329,328,325,324,325,323,321,319,316,317,316,315,316,318,318,318,317,320,319,320,322,326,326,327,326,329,331
Landmark 21,y,282,283,283,284,284,286,287,287,289,293,298,300,301,301,300,298,298,297,294,291,290,291,288,289,290,289,289,289,287,287,287,285,287,287,288,287,289,291,292,291,293,295,297,293,291,288,290,289,289,287,288,288,287,287,286,285,286,286,285,285,282,284,286,286,285,286,288,287,287,286,284,285,284,283,282,283,284,283,284,285,287,287,287,289,291,298,308,327,342,348,346,337,330,327
Landmark 22,x,349,349,350,351,352,353,353,358,359,358,359,360,360,360,359,357,356,353,351,347,345,347,348,348,349,352,352,353,356,356,356,356,354,352,351,347,345,345,346,346,346,346,348,349,349,352,353,354,355,356,358,359,360,362,362,362,363,363,363,364,364,365,364,363,361,358,356,354,353,354,352,352,352,350,350,348,348,346,347,343,345,344,345,346,349,353,353,354,356,356,358,360,361,365
Landmark 22,y,281,281,282,282,283,284,286,286,290,295,299,300,300,301,300,298,297,297,294,292,290,290,288,288,289,288,289,289,287,286,286,285,287,286,289,288,292,293,294,294,297,299,299,295,292,290,289,289,288,288,288,287,287,286,286,285,285,286,285,285,283,284,285,285,284,285,287,286,286,285,283,284,284,283,281,282,284,283,284,285,286,287,287,288,291,298,309,327,343,349,347,338,332,328
Landmark 23,x,373,373,372,375,377,378,377,380,381,381,381,382,382,382,380,380,378,376,374,370,368,371,371,371,373,376,376,376,380,381,380,380,378,377,375,372,370,370,371,371,371,371,372,374,374,377,378,379,381,381,382,383,384,385,386,385,386,387,387,386,386,386,385,385,384,383,380,378,377,378,376,375,374,373,372,371,371,370,370,368,369,369,369,371,373,376,376,377,378,380,381,384,386,388
Landmark 23,y,272,272,272,273,274,275,276,278,283,288,292,292,292,292,292,291,289,289,287,283,281,281,280,280,280,280,281,280,278,277,277,277,278,278,279,279,282,284,285,284,288,289,290,286,284,281,281,279,279,279,278,278,278,278,277,277,277,277,277,277,276,276,277,277,276,276,277,277,277,277,275,275,274,274,274,274,275,274,275,276,276,278,278,279,282,290,299,317,332,339,337,329,322,319
Landmark 24,x,396,397,396,399,401,403,402,401,403,402,402,403,403,403,401,402,401,398,396,393,392,395,394,394,396,399,400,399,404,405,403,403,402,401,398,396,395,395,396,397,397,396,396,398,398,401,401,404,405,406,406,407,409,408,410,409,410,411,412,408,408,408,407,407,407,406,403,402,401,400,399,398,397,397,395,394,394,393,393,392,393,393,393,395,395,398,399,401,400,404,404,407,410,410
Landmark 24,y,266,266,266,267,268,269,270,272,279,283,286,287,286,286,286,285,284,284,283,279,276,276,275,274,274,275,275,275,273,272,272,273,273,273,274,274,276,277,278,277,281,282,282,279,277,274,274,273,273,274,273,273,272,273,272,272,272,272,272,272,272,272,272,272,271,271,272,272,272,272,270,269,269,269,268,269,270,269,270,270,271,271,272,273,277,285,295,310,325,331,330,323,316,313
Landmark 25,x,418,420,419,423,425,426,426,423,423,423,423,424,423,424,422,423,422,420,416,415,415,418,416,417,418,422,422,422,427,428,426,426,425,425,422,421,421,421,421,424,423,422,422,423,423,425,426,428,429,431,430,432,433,432,434,432,434,435,434,429,429,429,428,428,430,429,426,425,424,422,422,421,420,420,418,417,416,416,416,415,417,417,417,419,417,419,421,426,422,428,429,431,435,433
Landmark 25,y,270,271,270,272,274,275,275,276,283,287,289,290,290,290,289,290,288,288,287,284,282,281,278,279,278,280,281,281,279,279,277,279,278,277,278,278,279,280,280,281,285,284,283,283,280,278,278,278,279,280,277,278,277,278,277,277,277,278,278,277,278,277,276,276,276,277,277,277,277,276,275,274,272,274,273,274,274,274,275,275,275,276,276,278,283,290,298,313,327,333,332,326,319,316
Landmark 26,x,432,434,434,437,438,440,440,435,436,436,437,437,436,436,435,435,435,432,427,427,427,430,427,428,431,434,434,433,438,440,438,438,439,440,436,436,438,438,438,440,439,440,439,439,439,441,440,442,442,444,444,445,446,445,447,444,446,447,447,441,439,440,440,440,442,442,439,439,437,435,436,434,433,433,432,431,430,430,429,430,430,432,432,433,429,431,436,442,437,445,445,445,451,448
Landmark 26,y,286,288,286,290,293,295,294,293,299,302,302,305,305,306,305,307,305,305,304,300,300,300,296,297,296,298,299,300,299,299,296,296,297,295,295,295,295,297,298,299,303,300,299,300,298,295,297,297,298,300,295,296,297,297,296,296,297,299,297,294,296,294,293,291,293,295,294,295,295,293,292,291,289,293,290,292,290,292,293,292,294,294,294,295,301,308,312,328,342,348,346,342,334,330
Landmark 27,x,337,337,337,339,340,341,342,343,345,345,345,346,345,345,344,344,343,340,338,335,334,335,335,336,337,340,340,340,343,343,342,342,340,339,338,337,336,335,336,337,337,337,338,338,339,340,341,342,344,344,346,346,348,349,349,349,350,350,350,351,351,351,351,349,348,347,344,342,341,341,340,340,338,337,336,333,333,333,332,331,332,332,333,332,335,337,337,339,340,342,343,344,346,349
Landmark 27,y,306,306,307,308,306,309,310,312,317,322,326,328,328,326,326,325,324,324,323,319,317,317,315,314,315,315,315,315,312,311,310,312,312,310,310,309,310,312,313,313,316,316,316,315,314,313,312,314,313,311,312,311,312,310,311,309,308,309,309,311,311,310,309,309,309,309,311,311,311,309,308,308,308,306,305,307,307,307,307,308,311,311,310,314,320,326,336,352,368,373,372,365,356,354
Landmark 28,x,337,336,337,339,340,340,342,343,344,345,345,346,345,345,344,343,343,340,337,334,334,334,335,336,338,340,340,340,342,343,342,342,340,338,337,336,335,335,336,337,337,337,337,337,339,340,341,342,343,344,346,346,347,349,348,349,349,349,350,350,350,350,350,349,347,346,344,341,340,340,339,339,337,336,336,333,333,332,332,330,331,331,332,332,334,336,336,339,340,340,341,343,344,347
Landmark 28,y,326,326,327,327,327,329,330,332,337,341,345,347,347,346,345,344,344,343,342,339,336,336,335,334,335,335,336,335,333,332,331,332,332,330,330,329,330,331,332,333,335,335,336,336,335,334,333,334,333,332,332,332,332,330,330,329,329,329,328,329,329,328,328,328,328,328,330,330,330,329,328,328,328,327,327,328,328,329,328,329,331,331,331,334,340,347,356,374,391,396,395,387,379,375
Landmark 29,x,337,335,336,338,339,340,341,343,345,345,345,346,345,345,343,343,343,340,337,333,333,333,334,336,338,340,340,340,342,343,342,341,339,338,336,335,334,335,335,337,337,337,337,337,338,339,341,342,343,343,346,345,346,348,348,348,348,348,349,348,349,349,349,348,347,346,343,340,339,340,339,338,337,336,336,333,332,332,331,329,330,329,331,331,334,335,336,338,339,339,340,342,343,346
Landmark 29,y,346,346,347,347,347,349,350,352,357,362,365,367,367,366,365,364,364,363,361,358,356,356,356,355,356,356,357,355,354,353,353,352,352,351,350,349,350,350,352,354,355,355,356,357,356,356,355,355,355,353,351,352,352,350,350,349,349,349,348,348,347,347,348,348,348,348,350,350,350,349,349,349,348,347,348,349,350,350,350,349,351,352,353,355,360,368,377,395,414,419,417,409,401,397
Landmark 30,x,337,334,335,338,338,339,340,342,344,344,345,346,345,345,343,343,342,339,336,331,333,332,334,336,338,340,340,340,342,343,341,341,339,337,335,334,333,334,335,336,337,337,337,337,338,338,340,341,342,342,345,344,346,348,346,347,347,347,348,347,348,348,348,348,346,345,342,339,338,338,338,337,336,335,335,332,331,332,329,328,328,328,330,330,333,335,335,337,338,337,338,341,341,344
Landmark 30,y,367,367,368,368,368,369,371,373,378,383,385,387,388,387,385,385,385,384,382,379,376,376,377,376,378,377,378,377,376,375,375,373,373,373,371,369,371,371,373,375,376,376,378,379,378,377,377,376,377,375,372,373,372,372,371,371,370,369,369,367,366,367,368,368,369,368,370,370,370,371,371,371,370,369,371,371,372,372,373,371,372,374,375,376,381,389,398,417,437,443,441,432,424,419
Landmark 31,x,316,315,315,318,317,317,318,320,322,322,322,322,322,321,320,319,319,316,314,311,310,310,313,313,314,317,316,318,319,319,319,317,317,315,313,312,312,313,313,313,315,314,315,316,317,318,319,320,320,322,325,323,325,327,327,328,327,327,327,327,328,327,326,326,325,323,320,319,318,317,318,315,316,315,315,312,312,311,309,309,308,308,308,309,309,312,311,313,314,313,313,316,316,318
Landmark 31,y,387,386,388,388,388,389,390,391,397,401,404,405,405,405,404,404,403,403,400,398,395,395,396,395,395,396,396,395,395,394,393,393,393,391,390,388,389,389,390,392,394,394,396,396,396,395,394,394,394,394,392,392,391,390,390,390,390,389,389,387,387,387,386,387,387,388,389,389,389,389,389,388,388,388,388,389,389,390,389,391,392,393,393,395,398,403,414,429,444,449,449,442,433,430
Landmark 32,x,326,325,326,328,327,327,328,330,332,332,332,333,333,332,331,330,330,327,324,320,321,320,323,323,326,328,327,328,330,330,329,328,327,325,323,322,323,323,323,325,325,325,326,326,327,328,329,330,330,331,334,333,335,336,336,337,336,336,336,337,337,337,336,336,335,334,331,329,327,327,327,325,325,325,324,322,321,321,319,318,318,318,319,319,321,322,322,324,325,323,324,327,327,330
Landmark 32,y,390,390,392,392,391,393,394,395,401,405,407,408,409,408,408,407,407,406,404,401,398,399,400,399,400,400,401,399,400,399,398,397,397,395,394,392,393,394,394,396,398,398,400,400,400,399,398,398,398,398,395,396,395,393,394,393,393,392,392,390,391,390,391,391,391,391,393,393,393,393,393,393,393,392,393,393,394,394,394,394,395,397,397,399,403,407,419,434,451,456,455,447,439,435
Landmark 33,x,337,335,336,337,337,337,339,340,342,343,343,343,343,343,342,341,340,337,334,331,331,331,333,334,336,339,338,339,341,341,340,339,337,335,334,333,333,334,334,336,337,337,336,336,337,338,339,340,340,341,344,343,345,346,346,346,346,346,346,347,348,347,347,346,345,344,341,338,337,338,337,335,335,335,335,332,331,332,329,329,328,328,330,330,332,333,333,336,337,335,336,338,338,341
Landmark 33,y,393,393,394,394,395,396,397,399,404,408,410,411,412,411,411,410,410,409,407,404,401,402,404,403,404,405,405,403,404,404,403,401,400,398,398,395,397,397,398,401,401,401,403,404,404,402,402,402,401,400,398,399,398,396,397,396,395,395,395,393,393,393,393,393,394,394,396,396,396,397,396,397,396,395,396,397,397,397,398,397,397,400,400,402,407,412,422,438,456,461,460,452,445,440
Landmark 34,x,347,346,347,348,348,349,350,352,353,354,354,354,354,354,352,353,351,348,346,342,343,344,344,346,348,350,350,350,352,353,352,351,349,347,346,345,345,346,347,349,349,349,348,348,349,349,350,351,352,352,355,354,356,357,358,357,357,357,357,358,359,358,358,357,356,355,352,350,348,349,348,347,346,346,345,343,342,342,341,340,339,340,342,341,345,345,346,348,350,348,349,351,352,355
Landmark 34,y,390,391,391,392,392,393,394,396,401,406,408,409,410,409,408,408,408,407,404,402,399,400,400,400,400,401,401,400,401,400,399,398,397,396,394,393,393,394,395,397,398,398,400,401,400,399,398,399,399,398,396,396,396,394,395,393,394,393,393,391,391,391,392,391,391,392,393,393,394,394,394,394,394,392,393,394,394,394,395,394,395,397,397,399,404,409,420,435,453,458,457,449,442,437
Landmark 35,x,357,356,358,359,359,360,361,362,364,364,365,365,364,364,363,363,361,358,356,354,354,356,355,357,358,360,360,361,363,363,362,362,359,358,357,356,356,357,358,361,360,360,360,358,359,360,360,362,363,363,365,364,367,367,368,367,367,367,368,369,369,368,369,367,366,365,363,360,359,359,357,357,356,356,355,353,353,352,351,351,350,351,353,353,356,357,357,358,362,360,362,362,364,367
Landmark 35,y,387,387,388,389,389,390,391,392,398,403,405,406,408,407,406,406,405,405,402,398,396,397,396,396,396,397,397,397,397,396,394,394,394,393,391,390,390,391,391,393,395,395,397,397,397,396,395,395,396,395,393,393,393,392,392,391,391,390,390,388,388,388,388,388,388,389,390,390,390,390,390,390,389,389,389,390,390,390,390,391,393,394,394,396,401,406,416,432,449,455,453,446,439,435
Landmark 36,x,266,267,267,268,270,270,271,276,277,277,277,277,276,276,275,274,273,271,272,269,268,267,266,267,267,268,268,269,270,270,270,270,269,267,267,266,265,266,267,266,268,267,267,267,268,269,270,271,273,274,277,276,278,278,280,280,280,280,281,287,287,286,284,281,280,278,275,274,273,271,272,270,268,267,265,264,263,262,262,262,261,263,261,264,270,269,269,265,271,272,272,273,275,277
Landmark 36,y,313,313,313,313,314,314,315,322,328,333,336,336,337,337,337,336,336,335,334,332,329,327,323,322,321,320,320,319,316,316,315,314,314,314,312,312,313,314,316,316,317,318,317,317,316,315,315,315,315,315,314,313,314,312,314,313,313,313,314,318,320,318,316,314,315,315,315,315,314,314,314,313,312,312,312,312,312,314,313,314,314,315,315,318,328,336,345,357,369,374,373,365,358,355
Landmark 37,x,278,278,278,279,281,281,282,288,289,288,289,289,288,288,287,286,285,284,284,281,279,279,278,278,278,280,280,280,282,282,282,281,280,278,278,277,276,277,278,277,278,278,278,278,279,281,282,282,284,285,288,288,289,289,291,290,290,290,291,297,298,297,296,292,290,289,287,285,284,282,283,280,279,277,276,274,274,273,273,273,272,273,273,275,281,281,281,279,284,285,286,287,288,291
Landmark 37,y,305,305,305,306,306,306,308,318,325,330,332,333,334,333,333,332,333,332,331,330,325,323,319,316,315,313,314,311,309,308,307,307,307,306,305,305,305,307,308,308,310,310,310,309,307,307,307,306,307,307,306,306,306,305,307,306,305,305,308,314,317,313,311,310,309,309,309,308,308,307,307,305,305,305,305,305,304,306,306,307,307,307,308,312,325,333,344,355,366,372,370,362,357,353
Landmark 38,x,294,294,294,295,296,297,298,302,303,302,303,303,302,302,301,301,299,298,297,294,293,293,292,293,293,295,295,295,297,298,298,298,296,294,294,293,292,292,293,293,293,294,294,293,295,297,298,298,300,301,304,303,305,305,307,305,305,306,306,310,311,310,310,306,304,303,301,300,299,297,298,296,294,293,291,290,289,289,288,288,288,289,288,289,295,294,295,294,298,299,301,301,303,306
Landmark 38,y,305,305,306,306,306,306,309,317,324,328,331,332,332,332,332,331,331,330,329,328,324,322,318,315,314,314,314,311,309,309,308,308,307,307,306,305,306,307,308,308,310,311,310,309,308,307,308,307,308,308,307,307,307,306,307,306,306,306,308,313,315,312,310,310,309,309,309,309,308,307,307,305,305,305,305,306,305,306,306,307,308,308,309,313,324,332,343,355,367,372,371,364,358,354
Landmark 39,x,308,309,309,311,311,312,313,315,315,315,315,315,315,315,313,313,313,310,310,308,306,307,305,307,307,309,308,309,312,312,312,312,311,309,309,307,306,307,307,307,308,308,308,308,310,311,312,313,314,315,317,317,319,319,322,320,320,321,321,324,324,324,323,320,319,318,316,315,314,312,312,311,310,309,307,305,305,303,303,304,303,304,304,304,309,309,310,309,312,313,314,314,317,319
Landmark 39,y,315,315,316,316,316,317,318,322,327,331,335,335,337,336,335,335,334,334,332,330,328,327,323,323,322,322,322,322,319,319,318,319,319,318,317,316,317,318,318,318,320,322,321,320,320,319,319,319,320,320,318,318,319,317,318,317,317,317,317,318,319,317,317,316,316,317,317,317,317,316,316,315,315,315,315,315,315,316,316,317,318,319,319,322,329,335,346,360,373,379,378,370,363,360
Landmark 40,x,293,294,293,295,296,297,298,302,302,302,303,303,302,302,301,301,300,298,298,295,293,294,292,293,293,295,294,295,297,297,297,296,296,294,293,292,291,292,293,292,293,293,293,293,294,295,297,298,299,300,303,302,304,303,306,304,304,304,306,310,311,310,309,306,304,303,301,300,299,297,297,296,294,293,290,289,288,288,287,287,287,288,288,289,295,295,295,294,298,299,300,300,302,305
Landmark 40,y,319,319,319,320,320,320,322,327,332,337,340,340,341,341,340,340,339,339,338,335,333,331,327,326,326,325,326,324,322,322,322,322,322,321,320,319,320,320,321,321,322,324,324,323,323,323,323,322,323,323,322,321,322,320,322,320,320,321,320,322,323,321,320,319,320,320,321,321,321,320,320,319,319,319,319,319,318,320,320,321,322,322,322,325,333,339,350,364,376,382,381,373,366,363
Landmark 41,x,278,278,278,280,281,281,282,288,289,289,289,289,288,288,287,287,286,284,284,282,280,280,278,278,278,280,279,280,282,282,281,280,280,278,277,276,276,276,278,277,278,278,278,277,278,280,281,281,283,285,287,287,288,288,290,289,289,289,291,298,298,297,296,292,290,289,287,285,284,282,283,280,278,277,275,274,274,273,272,272,272,272,272,274,282,282,282,278,283,283,285,285,287,290
Landmark 41,y,320,320,320,320,320,320,322,328,332,337,341,341,342,342,341,341,340,340,339,336,334,332,328,327,327,326,326,325,322,322,322,322,321,321,320,319,320,320,321,321,323,324,324,324,323,323,323,322,323,323,321,321,321,320,322,320,320,321,320,322,324,322,321,320,320,321,321,321,321,320,320,319,319,319,319,319,319,320,320,321,322,322,323,325,333,340,351,364,376,381,380,372,366,363
Landmark 42,x,365,365,366,366,367,368,369,372,372,372,373,373,372,372,371,370,369,366,364,362,361,362,363,363,364,368,368,368,370,371,370,370,369,368,366,365,365,365,366,367,367,368,368,367,368,370,371,371,373,374,376,375,377,377,377,377,377,377,378,378,377,377,377,377,376,373,371,370,369,368,367,366,365,364,364,362,361,361,361,360,361,360,361,363,362,363,364,368,369,371,371,373,376,378
Landmark 42,y,314,314,314,314,315,316,318,322,329,333,337,336,338,337,337,336,335,335,333,330,329,327,322,322,322,322,323,322,320,320,319,319,319,319,317,317,317,318,318,318,320,321,321,320,320,319,319,319,320,320,318,318,319,318,319,318,317,318,318,320,320,318,318,317,317,317,318,318,318,317,317,315,315,315,314,315,315,316,317,317,318,318,319,322,331,337,347,362,376,383,382,374,366,364
Landmark 43,x,379,379,380,381,382,383,383,385,386,386,387,387,386,386,385,384,383,381,378,376,375,377,377,377,378,381,381,382,384,385,385,384,383,382,380,379,379,379,380,380,381,381,381,382,382,383,384,386,387,388,390,390,391,391,392,391,391,392,391,391,390,391,391,391,390,387,386,384,383,382,381,380,379,379,378,376,375,375,375,375,375,374,376,376,376,377,380,384,384,386,386,389,393,393
Landmark 43,y,303,303,304,304,304,305,309,317,326,330,333,334,334,333,334,333,332,332,331,329,326,322,316,314,314,314,314,312,310,309,309,309,309,308,306,306,306,307,308,308,310,311,311,309,308,307,308,308,308,309,307,308,307,307,308,307,306,307,308,315,318,314,312,310,309,309,309,309,309,308,307,305,305,304,304,305,304,305,306,306,307,308,308,313,326,334,344,358,371,378,376,369,363,359
Landmark 44,x,395,394,396,396,397,398,398,399,399,399,400,400,400,399,398,398,397,394,391,389,388,390,390,391,392,395,395,396,399,400,400,400,399,397,395,395,395,395,395,396,396,397,397,397,398,399,400,402,402,403,405,405,407,406,407,406,407,407,406,403,403,404,404,404,403,401,399,398,397,397,395,395,395,394,394,391,391,391,390,390,390,390,391,391,389,390,393,398,397,400,401,403,407,407
Landmark 44,y,303,303,304,304,305,306,309,318,328,332,335,335,335,335,335,335,334,334,332,331,327,323,317,315,314,314,315,313,311,310,309,309,310,308,307,306,307,308,309,309,311,311,311,310,309,308,308,308,308,309,308,308,307,308,308,307,307,307,309,317,320,315,313,312,311,311,310,310,310,309,308,306,306,306,305,305,305,306,306,307,307,308,309,313,328,336,347,359,372,379,377,370,365,361
Landmark 45,x,405,406,407,408,408,409,409,408,409,410,411,410,410,410,408,408,407,405,401,400,399,401,401,402,403,406,406,407,410,411,411,411,410,408,406,406,406,406,407,409,408,409,409,409,409,411,411,413,413,414,417,416,418,418,419,418,418,419,417,413,413,415,415,414,413,411,410,409,408,408,406,406,407,406,405,403,403,402,402,401,402,402,403,402,399,402,404,411,409,413,414,415,419,419
Landmark 45,y,311,311,311,311,312,314,316,324,332,335,338,339,339,339,338,338,338,337,336,333,330,327,322,321,320,321,321,321,318,318,317,317,317,317,315,314,315,316,317,317,318,319,319,318,317,316,316,316,317,318,316,316,316,315,316,315,315,316,316,321,323,320,319,317,317,317,317,316,317,316,315,313,313,313,312,313,312,313,314,313,314,315,316,319,333,338,349,362,375,382,380,373,367,364
Landmark 46,x,396,395,396,397,397,398,399,399,398,399,400,399,400,399,398,398,396,394,391,388,388,390,391,392,393,396,396,397,399,401,400,401,399,397,396,395,395,395,396,397,397,397,397,398,398,400,401,403,403,403,406,405,407,406,408,406,406,407,406,402,401,403,403,404,403,401,399,398,398,397,395,395,395,394,394,391,391,391,391,391,391,391,392,392,389,390,392,399,398,401,402,403,407,407
Landmark 46,y,318,318,317,318,319,320,322,328,336,340,343,343,344,344,343,344,342,342,341,337,335,332,326,326,326,326,327,326,324,323,323,324,324,322,321,320,320,321,321,322,323,324,325,324,323,323,323,323,323,324,322,322,323,322,323,321,321,323,321,325,327,324,323,321,321,322,321,321,322,321,320,319,319,319,318,319,318,319,320,321,321,321,323,325,337,343,353,368,381,388,387,379,373,371
Landmark 47,x,381,380,381,382,382,383,384,385,386,386,386,386,386,386,385,384,383,380,378,375,374,376,377,378,379,382,382,382,385,386,385,385,384,382,381,380,380,380,381,381,381,382,382,382,383,385,386,387,388,388,391,390,392,391,392,391,391,392,391,390,389,390,390,391,390,388,386,384,383,382,381,380,380,379,379,376,376,376,375,375,375,375,376,377,376,377,379,384,384,386,387,389,392,393
Landmark 47,y,318,318,318,318,319,320,322,328,335,339,342,342,344,343,342,342,341,341,340,337,334,332,326,326,325,326,326,325,323,323,323,324,323,322,321,320,321,321,321,322,323,324,324,324,323,323,323,323,324,324,322,322,323,321,323,321,321,322,321,324,326,323,322,320,320,321,321,321,321,321,320,319,319,319,318,319,318,319,320,321,321,322,322,325,336,342,352,367,381,388,387,379,372,370
Landmark 48,x,296,294,295,297,296,297,297,300,301,302,300,301,300,299,301,301,298,295,295,292,291,292,293,293,296,298,297,297,299,298,296,295,296,291,290,290,291,291,292,294,293,295,297,296,295,296,298,298,299,298,302,302,303,303,304,304,303,304,303,307,307,308,308,306,304,303,300,299,297,295,296,294,294,293,292,291,290,289,288,285,285,284,286,286,285,286,287,286,290,288,289,289,291,292
Landmark 48,y,436,434,437,436,436,437,438,439,444,448,450,452,452,451,452,452,451,450,448,446,443,443,442,441,442,443,443,443,443,444,443,442,440,436,435,434,439,436,438,438,440,442,443,443,442,444,444,443,442,441,438,438,438,436,437,435,436,436,434,433,432,432,433,433,434,434,435,435,435,432,436,431,433,433,435,437,437,439,440,438,437,437,438,439,439,441,455,464,472,479,478,472,465,463
Landmark 49,x,309,307,309,310,310,311,311,312,316,315,314,315,315,314,313,313,311,310,307,305,304,305,306,306,308,310,310,311,312,312,310,308,310,306,305,304,304,305,305,307,306,309,310,310,308,309,311,311,313,313,316,315,316,316,317,315,315,315,315,319,318,321,320,319,318,316,314,312,310,308,309,307,307,306,305,303,303,301,300,299,299,299,300,302,302,304,305,305,308,306,307,307,310,313
Landmark 49,y,424,425,426,425,426,426,427,429,434,439,441,442,443,442,442,442,441,441,438,435,432,433,434,433,433,434,435,434,434,434,432,432,430,429,427,425,427,425,426,428,431,432,434,435,435,434,434,432,434,433,429,429,429,427,428,426,426,427,426,424,423,424,424,424,425,425,426,427,425,426,426,425,425,424,426,426,427,428,429,431,431,432,433,433,434,435,450,461,473,481,480,474,467,464
Landmark 50,x,326,323,325,326,325,327,328,328,331,331,331,331,332,331,330,330,328,326,324,321,321,322,322,322,325,327,326,328,328,329,326,326,326,323,322,321,321,322,323,324,324,326,325,325,325,326,328,328,329,329,332,330,332,332,333,332,332,331,332,335,334,336,335,334,334,332,330,328,326,324,324,323,323,322,321,319,319,317,316,316,315,316,317,319,320,322,322,323,325,323,325,325,327,330
Landmark 50,y,420,420,421,420,422,422,423,425,431,436,438,439,439,439,438,438,437,437,434,431,427,429,429,428,428,429,431,430,430,430,427,427,426,425,424,420,422,421,421,423,426,428,430,432,432,430,429,428,431,429,424,425,424,423,423,421,421,423,422,420,419,420,420,420,421,421,422,422,421,422,421,421,421,419,422,423,423,423,424,426,427,428,429,428,432,435,447,460,475,482,481,474,468,464
Landmark 51,x,336,334,335,336,336,337,338,339,341,341,341,342,342,342,340,341,338,336,334,331,332,333,333,334,336,338,337,339,340,340,338,337,337,335,333,332,333,334,335,336,337,338,336,335,336,337,338,339,339,339,343,340,343,344,344,344,343,343,344,346,346,346,346,345,344,343,340,338,336,335,335,333,334,333,332,330,330,328,327,328,327,328,330,330,332,334,333,332,336,335,335,336,338,341
Landmark 51,y,422,423,423,423,424,424,426,428,433,439,440,441,441,441,441,441,440,440,436,433,430,432,433,432,432,433,434,433,434,434,431,431,429,429,427,424,425,425,424,427,430,431,433,435,435,433,432,431,434,431,428,429,428,426,426,424,424,426,425,423,422,423,423,423,424,424,425,425,424,426,425,424,425,422,424,425,425,425,427,429,430,432,432,431,435,438,450,463,479,486,485,478,472,468
Landmark 52,x,348,346,346,348,348,349,350,351,353,351,352,354,354,354,351,353,350,348,345,343,344,345,345,347,349,351,350,351,353,352,352,350,349,347,345,344,346,346,348,349,350,352,347,346,347,348,350,351,351,351,356,353,355,355,355,355,354,355,356,357,358,356,357,357,357,355,351,349,347,346,346,344,345,345,344,341,341,339,339,339,340,341,343,342,344,348,346,344,350,347,348,349,351,354
Landmark 52,y,420,420,421,421,422,423,424,426,432,437,438,440,440,440,439,439,438,439,435,431,429,430,430,429,429,431,432,431,432,431,429,428,427,426,425,422,423,423,423,424,428,428,431,433,432,430,429,429,432,430,425,427,426,424,424,422,423,424,423,421,420,421,421,421,422,422,423,423,422,423,422,422,422,420,422,423,423,423,425,427,428,429,429,429,434,437,447,461,477,484,484,476,470,467
Landmark 53,x,365,364,363,365,365,366,368,368,369,368,370,371,371,372,368,370,368,365,363,360,361,362,363,364,366,368,367,369,371,370,370,368,366,365,363,362,364,365,368,370,370,370,364,364,364,366,368,369,368,368,372,369,371,371,371,372,371,371,372,374,374,372,373,373,373,372,368,366,364,364,361,362,362,361,358,356,356,355,356,357,357,360,361,362,363,366,364,362,367,366,366,367,370,372
Landmark 53,y,425,426,426,427,428,428,430,431,437,442,444,445,446,446,445,445,444,444,441,437,435,435,436,435,435,437,438,437,438,437,436,435,434,432,430,427,429,429,429,431,433,434,436,438,437,436,436,436,437,434,430,432,431,430,430,428,428,429,428,426,425,426,427,426,427,427,428,428,428,429,429,427,428,426,427,428,428,429,431,431,432,433,434,434,438,440,450,465,479,487,486,479,473,470
Landmark 54,x,380,379,377,379,380,380,382,383,383,382,385,384,384,385,382,383,382,380,377,374,375,376,376,378,379,381,380,382,385,384,383,382,379,380,378,376,379,379,382,384,383,383,379,378,377,380,380,382,382,382,385,383,385,384,385,385,385,385,387,387,387,386,387,385,387,385,383,381,379,378,375,376,377,375,370,368,369,368,370,374,376,378,378,380,380,382,383,381,385,384,385,386,389,391
Landmark 54,y,436,437,438,438,439,440,441,443,448,452,454,455,456,455,456,456,455,454,452,449,447,447,445,444,445,448,447,448,448,449,448,447,444,440,438,438,442,440,442,442,444,444,445,446,445,446,447,447,446,443,439,441,441,441,442,440,440,440,437,437,435,436,437,436,435,436,436,437,438,435,438,433,436,435,437,439,439,440,442,439,438,438,440,441,443,447,455,468,479,487,487,479,473,471
Landmark 55,x,365,364,363,365,365,367,368,368,369,367,370,370,370,371,368,370,368,366,364,361,362,363,363,364,366,368,368,370,371,370,370,368,365,365,363,361,364,365,367,369,370,370,365,364,364,366,367,368,368,368,372,369,371,370,371,372,371,372,373,374,375,371,373,373,373,371,369,366,364,363,361,362,362,361,358,355,356,355,356,358,358,360,361,363,362,366,365,362,366,365,365,366,369,371
Landmark 55,y,453,453,453,455,456,458,461,460,461,470,474,476,478,476,475,477,474,475,473,469,467,466,466,466,468,470,469,472,470,469,470,467,462,455,451,455,459,458,462,462,464,465,463,462,460,463,462,465,461,456,454,456,456,456,454,455,455,454,453,450,450,448,451,451,451,451,451,452,452,454,452,451,451,450,446,448,451,453,455,457,457,458,459,463,466,469,477,485,503,510,509,501,494,493
Landmark 56,x,349,346,347,348,348,350,351,351,352,350,352,353,353,353,351,353,351,349,346,344,344,345,345,347,349,351,351,352,353,352,351,350,347,347,345,343,345,345,347,349,351,352,348,347,347,348,349,350,350,351,355,352,353,354,355,356,354,355,357,357,359,355,356,357,357,355,352,349,346,347,345,345,345,345,343,341,341,339,339,340,340,341,342,343,343,346,347,344,347,346,347,348,350,351
Landmark 56,y,457,457,457,459,460,463,466,464,462,474,479,481,483,481,479,482,479,479,477,474,471,471,472,473,475,477,477,480,477,476,476,472,468,459,455,460,463,464,467,468,470,470,467,466,464,466,466,469,464,460,458,460,460,461,457,459,458,457,457,454,453,451,455,455,455,455,456,455,455,459,455,455,455,453,448,450,454,457,458,461,462,462,464,468,472,475,483,490,512,517,517,508,501,500
Landmark 57,x,336,334,335,336,335,337,338,339,341,339,340,341,341,341,339,340,338,336,334,331,331,332,332,333,335,337,338,339,339,339,337,337,335,334,332,331,331,332,333,335,337,338,336,335,335,336,337,337,338,339,341,340,341,342,343,344,342,343,344,345,346,344,344,344,344,342,340,337,335,334,333,333,333,333,332,329,329,328,327,327,327,327,328,330,329,331,333,331,333,332,333,334,336,337
Landmark 57,y,458,457,457,459,460,464,466,465,462,475,480,482,483,481,480,483,479,479,478,474,472,471,473,474,476,478,478,481,478,477,477,473,468,460,456,461,463,464,467,468,470,471,467,466,465,467,466,469,464,459,459,460,460,461,458,459,459,457,458,454,453,452,456,455,456,456,457,456,455,460,455,455,455,453,449,450,454,457,458,462,463,463,465,468,473,476,485,491,513,518,517,509,501,500
Landmark 58,x,325,322,324,325,324,325,327,327,329,329,329,329,330,329,329,329,327,325,323,319,319,319,320,320,323,325,325,327,326,327,324,324,322,321,320,319,319,319,320,322,323,325,324,324,323,324,325,325,326,327,329,328,329,330,331,331,330,331,331,333,334,333,333,332,332,330,329,326,324,322,322,322,321,321,320,318,318,316,315,315,314,314,315,318,316,318,320,320,320,320,321,322,324,326
Landmark 58,y,457,456,457,458,459,463,465,463,461,473,478,480,481,479,478,480,478,477,476,473,470,469,471,472,473,475,475,478,475,475,475,470,466,459,455,459,461,462,464,466,468,469,466,464,463,465,465,466,463,458,457,459,458,459,456,457,457,455,456,452,452,450,454,454,455,455,456,454,454,458,454,454,454,452,448,449,453,457,457,461,461,461,463,467,470,473,484,488,509,515,513,506,499,497
Landmark 59,x,309,307,308,309,309,310,311,312,315,314,313,313,314,313,313,313,310,309,307,304,303,304,305,305,308,309,309,310,311,311,308,307,308,305,304,303,304,303,304,306,306,308,310,309,308,309,310,310,311,312,314,314,314,314,316,315,314,315,315,318,318,319,319,317,316,315,313,311,309,307,307,307,306,305,305,303,303,301,300,299,298,298,299,301,299,301,304,303,304,303,304,305,307,309
Landmark 59,y,453,451,453,453,454,456,458,458,458,466,472,472,473,472,471,472,471,470,469,466,464,463,463,463,464,466,465,468,465,466,466,463,460,454,451,453,456,456,457,457,460,462,460,458,457,460,459,460,458,454,453,453,452,452,451,451,451,450,450,447,446,445,448,448,450,450,451,450,449,451,450,448,449,447,446,447,450,452,453,455,455,455,456,460,461,464,477,482,497,503,502,495,488,487
Landmark 60,x,303,302,302,304,304,305,305,308,308,310,309,309,309,308,308,309,306,304,302,300,298,299,301,301,304,306,305,305,306,306,304,303,304,299,297,298,299,298,299,301,300,302,305,304,302,304,306,306,306,305,309,310,310,310,311,311,311,311,310,313,313,315,315,313,311,310,308,306,304,302,303,301,301,299,299,297,297,295,295,292,292,292,294,295,293,292,295,293,296,295,296,296,299,300
Landmark 60,y,437,436,437,437,437,438,439,440,445,448,452,453,454,452,452,453,452,451,449,446,444,444,443,443,443,445,444,445,444,445,445,444,442,438,436,435,440,437,439,439,442,443,444,444,444,444,445,444,443,441,439,439,438,437,438,436,436,436,435,433,433,432,433,433,434,435,436,436,435,434,436,433,434,433,435,437,438,439,440,440,439,440,441,442,441,442,457,465,475,482,482,476,469,466
Landmark 61,x,325,323,325,326,325,326,328,328,330,331,331,331,331,331,330,330,328,326,324,321,321,321,322,322,324,327,326,328,328,328,326,325,325,323,322,321,321,321,322,324,324,326,325,325,324,325,327,327,329,329,331,329,332,332,333,332,331,331,332,335,334,335,335,334,333,331,329,327,325,324,324,323,323,322,321,318,319,317,316,316,315,315,317,319,319,321,321,322,324,323,323,324,326,330
Landmark 61,y,428,429,430,429,430,430,431,433,439,444,448,448,449,448,448,447,447,446,443,439,437,438,439,439,439,440,442,439,442,442,440,439,436,435,434,430,431,429,430,431,435,436,439,441,442,440,440,438,441,439,436,437,435,434,434,433,433,433,433,430,429,430,431,431,432,432,432,432,432,433,432,431,432,431,433,432,433,432,435,436,436,440,440,438,440,442,455,467,481,489,489,482,477,471
Landmark 62,x,336,334,335,336,336,337,338,339,341,340,341,342,342,342,340,341,338,336,333,331,332,332,333,334,336,338,337,339,340,339,338,337,336,334,332,332,333,333,335,336,337,338,336,335,336,336,338,338,339,339,342,340,343,344,344,344,343,343,344,346,346,345,346,344,344,342,340,337,335,335,335,333,334,333,332,330,330,328,327,328,327,327,329,330,331,333,333,332,335,334,334,335,338,340
Landmark 62,y,429,430,430,430,431,431,432,434,440,445,448,449,450,449,449,448,448,447,444,440,438,438,440,441,440,442,443,440,444,444,441,440,437,437,435,431,432,431,431,432,436,438,440,442,444,441,441,439,442,440,437,438,437,436,435,434,434,435,434,431,430,432,433,432,433,433,433,433,433,435,434,433,434,432,434,433,434,434,437,437,437,442,442,439,442,444,457,469,484,492,492,484,479,474
Landmark 63,x,347,346,346,348,348,349,350,351,352,351,352,353,353,354,350,353,350,348,345,342,344,344,345,346,349,350,349,350,352,352,351,350,348,347,345,344,345,346,348,349,350,351,347,346,347,348,350,350,351,351,355,352,354,355,355,355,354,355,356,357,358,356,357,357,356,355,351,348,346,346,346,344,345,345,344,341,341,339,339,339,340,340,342,342,344,347,345,344,349,347,347,348,351,353
Landmark 63,y,429,429,430,430,431,431,432,434,440,445,448,449,450,450,449,448,448,447,444,440,438,439,440,440,440,442,443,440,444,443,441,440,437,436,435,431,432,431,431,432,436,437,440,442,443,440,440,440,442,439,436,437,436,436,435,434,434,434,434,431,430,431,432,432,432,432,433,433,433,434,433,432,433,432,433,432,433,433,436,437,436,441,441,439,442,443,455,468,483,491,491,484,479,474
Landmark 64,x,373,372,369,371,372,373,374,375,377,375,377,377,377,378,375,376,375,372,369,367,368,369,369,370,371,374,373,375,378,377,376,375,371,373,371,369,372,372,375,377,377,376,372,370,370,372,373,374,375,376,379,376,378,376,378,379,378,378,380,380,381,379,380,378,380,378,376,373,371,371,368,369,370,368,364,361,362,361,363,367,369,371,371,373,372,376,375,374,379,376,377,378,381,384
Landmark 64,y,437,437,437,438,439,440,441,443,448,452,455,456,457,456,456,456,456,455,453,449,446,447,446,445,446,449,448,449,449,450,449,448,444,440,438,439,442,440,442,443,445,445,446,446,445,446,447,447,446,443,440,441,441,441,441,440,440,440,438,436,435,435,437,436,436,436,436,437,437,437,438,435,437,436,436,438,439,440,442,440,439,441,442,443,445,448,457,469,482,489,489,482,476,474
Landmark 65,x,348,346,346,348,348,349,350,351,353,350,352,353,353,354,351,353,350,348,346,343,344,345,345,346,348,350,350,351,352,352,351,350,347,347,345,343,345,346,347,348,350,352,348,347,347,348,349,350,350,351,355,353,354,354,355,356,354,355,356,357,358,355,356,357,357,355,352,349,347,346,345,345,345,344,343,341,341,339,339,340,340,341,342,343,343,346,346,344,348,346,347,348,351,352
Landmark 65,y,442,442,443,445,445,448,450,450,450,460,462,466,467,464,463,467,463,464,461,459,456,456,455,453,456,458,458,462,458,458,458,454,450,442,440,443,446,448,449,453,455,454,451,450,448,450,448,452,448,445,442,443,444,443,443,441,441,441,440,439,438,437,438,437,438,438,439,439,440,442,440,438,438,437,433,437,440,443,444,446,446,446,447,452,457,461,469,476,497,502,501,493,485,485
Landmark 66,x,337,334,336,336,336,337,338,339,341,340,341,341,341,341,340,341,339,337,334,331,332,332,333,334,336,338,338,339,340,339,338,337,336,334,333,331,332,333,334,335,337,338,336,335,335,336,337,338,338,339,342,341,342,343,343,344,343,344,344,346,347,344,345,344,344,342,340,338,336,335,334,334,334,333,332,330,330,328,327,328,327,328,329,331,331,332,333,332,334,333,334,335,337,339
Landmark 66,y,443,443,443,445,445,449,450,451,450,460,463,466,467,464,463,468,463,464,461,459,456,456,455,454,456,459,458,463,459,459,460,455,451,442,440,444,447,448,449,453,455,454,452,450,449,451,449,452,448,445,443,443,444,444,443,441,441,441,441,439,439,437,438,438,438,439,440,439,440,442,441,439,439,437,434,438,441,444,445,447,448,447,448,453,457,462,471,476,498,503,501,493,486,485
Landmark 67,x,326,323,325,326,325,326,328,328,331,330,330,330,331,330,330,329,328,326,324,320,320,321,321,322,324,326,326,328,328,328,326,325,324,323,322,320,320,321,321,323,324,326,325,325,324,325,327,327,328,329,331,330,331,331,332,332,331,332,332,334,335,335,334,334,333,331,330,328,326,324,324,323,323,322,321,319,319,318,316,316,315,315,316,319,318,320,321,322,322,322,323,324,326,328
Landmark 67,y,443,442,443,445,444,447,449,450,449,458,461,465,465,463,461,465,462,463,459,458,455,455,453,453,454,457,456,460,457,458,457,453,449,441,439,442,446,446,448,450,453,453,450,448,447,449,448,451,447,444,441,442,443,441,441,439,439,439,439,437,437,436,436,436,437,437,439,438,438,440,439,437,437,435,433,437,440,443,443,446,446,445,446,451,455,460,469,475,495,500,498,490,483,482
