major,minor,Frame 0,Frame 1,Frame 2,Frame 3,Frame 4,Frame 5,Frame 6,Frame 7,Frame 8,Frame 9,Frame 10,Frame 11,Frame 12,Frame 13,Frame 14,Frame 15,Frame 16,Frame 17,Frame 18,Frame 19,Frame 20,Frame 21,Frame 22,Frame 23,Frame 24,Frame 25,Frame 26,Frame 27,Frame 28,Frame 29,Frame 30,Frame 31,Frame 32,Frame 33,Frame 34,Frame 35,Frame 36,Frame 37,Frame 38,Frame 39,Frame 40,Frame 41,Frame 42,Frame 43,Frame 44,Frame 45,Frame 46,Frame 47,Frame 48,Frame 49,Frame 50,Frame 51,Frame 52,Frame 53,Frame 54,Frame 55,Frame 56,Frame 57,Frame 58,Frame 59,Frame 60,Frame 61,Frame 62,Frame 63,Frame 64,Frame 65,Frame 66,Frame 67,Frame 68,Frame 69,Frame 70,Frame 71,Frame 72,Frame 73,Frame 74,Frame 75,Frame 76,Frame 77,Frame 78,Frame 79,Frame 80,Frame 81,Frame 82,Frame 83,Frame 84,Frame 85,Frame 86,Frame 87,Frame 88,Frame 89,Frame 90,Frame 91,Frame 92,Frame 93,Frame 94,Frame 95,Frame 96,Frame 97,Frame 98,Frame 99,Frame 100,Frame 101,Frame 102,Frame 103,Frame 104,Frame 105,Frame 106,Frame 107,Frame 108,Frame 109,Frame 110,Frame 111
Landmark 0,x,229,229,229,228,228,229,230,230,229,228,229,229,230,229,230,228,228,229,229,229,229,229,228,229,229,228,228,229,229,230,228,229,228,229,228,229,229,228,228,227,228,229,228,228,228,229,229,230,228,229,229,229,229,229,229,227,227,228,226,226,225,225,225,226,228,227,227,226,227,227,227,227,227,228,229,228,229,228,229,228,229,230,229,227,226,229,228,228,228,228,228,227,226,226,225,225,225,226,228,226,227,226,228,226,226,226,227,227,227,228,227,227
Landmark 0,y,339,339,339,338,339,342,340,340,341,338,341,338,339,339,337,336,337,337,336,336,337,336,336,335,334,334,333,332,333,333,334,332,332,332,329,331,332,329,329,331,330,334,330,333,332,331,331,332,334,332,335,335,334,336,333,332,334,332,334,335,337,336,337,336,338,339,339,339,336,337,334,336,334,333,333,334,335,333,333,335,332,332,333,332,334,332,333,334,336,334,335,336,336,337,336,339,340,338,337,339,338,341,343,340,341,340,342,339,342,338,342,343
Landmark 1,x,232,233,233,231,231,232,233,234,233,232,232,232,232,233,232,231,231,232,232,231,231,231,231,231,231,231,230,231,231,232,230,230,230,231,230,231,232,230,230,229,230,231,230,230,231,231,231,231,230,231,231,231,231,231,231,229,229,229,228,228,228,227,227,228,230,230,230,229,230,230,229,229,230,230,231,230,231,229,230,229,230,231,230,229,229,230,230,229,230,230,230,230,229,229,228,228,229,229,231,229,231,229,230,228,229,229,230,230,230,231,230,230
Landmark 1,y,369,369,369,368,369,371,370,370,371,368,371,368,369,369,368,366,368,367,367,367,367,366,366,365,364,365,363,363,363,364,364,363,363,362,359,361,361,359,358,361,361,363,361,363,362,362,362,362,365,363,366,366,364,366,363,363,365,363,365,366,368,366,368,366,368,368,368,368,366,367,365,367,365,364,364,365,365,364,363,364,362,362,363,361,364,362,362,364,366,364,365,366,366,367,367,369,369,369,368,369,368,371,373,370,371,370,372,371,373,370,372,374
Landmark 2,x,238,238,238,236,236,238,238,240,239,237,237,236,237,238,237,236,237,237,237,237,236,236,236,237,236,237,236,237,236,237,236,235,235,236,235,236,237,236,235,235,235,236,235,236,236,237,236,237,236,236,237,236,236,236,236,234,235,234,233,233,233,232,232,232,234,235,235,234,235,235,235,235,234,235,235,235,235,233,235,234,234,235,234,233,234,234,234,234,234,234,234,235,234,234,234,233,234,234,236,234,235,234,234,233,235,234,235,235,235,237,235,235
Landmark 2,y,397,397,396,395,397,399,397,398,400,396,398,397,398,396,397,396,396,396,395,396,396,396,395,394,393,394,391,392,392,392,394,392,392,390,387,389,389,388,386,389,389,390,390,391,391,390,391,391,393,392,394,394,392,394,392,392,394,392,395,395,397,395,396,394,396,395,396,396,394,395,394,396,394,393,393,394,394,393,392,392,390,390,391,389,392,390,390,392,393,392,393,393,394,395,394,396,397,397,396,397,396,398,400,398,400,399,400,400,403,399,401,403
Landmark 3,x,241,241,242,239,239,242,241,243,242,241,240,240,242,242,241,241,241,241,242,241,241,241,241,241,241,242,241,241,241,241,241,240,240,240,239,240,241,241,240,240,240,241,241,240,241,241,241,241,241,240,241,240,240,240,240,239,239,238,238,238,237,236,236,237,239,239,240,239,239,239,239,239,239,240,240,239,240,238,239,237,238,239,238,237,238,238,238,238,238,238,239,239,238,239,238,238,238,238,239,238,238,238,237,237,239,238,239,238,240,241,239,239
Landmark 3,y,426,425,426,424,426,428,426,427,429,424,427,426,427,425,426,425,426,426,425,425,425,425,424,423,422,423,420,422,422,422,423,421,421,419,417,418,419,418,415,418,418,420,419,420,419,419,421,420,422,421,424,423,420,423,421,421,424,422,425,425,426,425,425,424,425,424,425,426,424,424,423,425,424,424,424,424,424,423,422,422,419,420,420,418,421,419,419,421,422,420,421,421,422,423,423,425,426,425,425,425,424,426,429,427,429,429,430,430,433,429,431,433
Landmark 4,x,248,248,249,246,247,249,247,250,250,247,248,248,250,249,249,248,248,249,249,248,248,249,248,249,248,249,248,249,249,248,248,247,247,247,246,247,249,249,247,247,248,249,248,248,247,248,248,248,248,247,248,247,247,247,247,245,246,244,245,245,245,244,245,245,246,247,248,246,246,246,246,247,247,247,248,247,247,246,247,245,245,246,245,244,244,245,244,245,245,245,245,245,245,246,245,245,245,245,246,245,245,245,244,244,246,246,246,245,247,247,246,247
Landmark 4,y,453,452,453,451,453,455,453,454,456,452,454,453,455,453,454,453,454,455,453,454,454,454,453,452,450,451,449,451,450,450,452,450,450,448,446,446,447,447,443,447,447,448,448,448,448,448,450,449,451,450,452,452,448,451,450,450,452,450,453,453,454,453,453,452,453,453,453,453,452,452,452,453,452,452,453,453,453,452,451,450,448,449,448,447,449,447,448,449,449,448,449,449,450,451,451,453,453,453,453,453,452,453,456,455,457,457,457,458,461,458,459,462
Landmark 5,x,263,263,264,260,261,263,262,265,265,261,262,262,264,263,263,262,263,263,263,263,263,264,262,263,262,264,262,264,263,263,263,262,262,262,260,261,264,264,261,263,264,265,263,264,262,262,263,262,263,262,263,263,261,263,262,261,261,259,261,260,260,259,260,259,260,261,262,260,260,261,261,261,262,262,263,261,261,261,260,259,259,260,259,259,260,260,259,261,260,260,260,260,260,261,261,260,260,260,261,259,259,259,259,259,262,261,261,261,263,261,261,262
Landmark 5,y,477,477,477,476,477,479,478,478,480,477,478,478,479,478,479,478,479,479,478,479,479,479,478,478,476,477,475,477,476,476,477,475,476,475,472,473,472,472,469,472,472,473,472,473,473,473,476,474,476,476,477,476,473,476,475,475,477,476,478,477,478,478,478,477,479,478,478,478,477,477,477,477,478,479,480,480,480,479,477,476,475,475,475,474,474,473,474,474,473,473,474,474,474,476,476,478,477,477,478,477,477,477,480,480,482,482,483,484,486,485,485,487
Landmark 6,x,286,286,287,283,284,286,285,288,288,284,284,284,287,285,285,285,286,285,286,286,286,287,285,286,285,286,285,287,286,285,285,284,285,285,283,283,286,287,285,286,287,288,286,287,285,286,286,285,286,285,286,286,284,286,286,284,285,281,283,283,284,282,282,281,282,283,283,282,282,283,284,284,284,285,285,284,283,283,282,281,281,283,281,281,283,282,282,284,283,283,284,283,283,284,284,283,282,284,284,281,282,281,281,281,284,284,283,284,286,283,283,285
Landmark 6,y,494,494,494,494,495,496,495,495,498,495,496,495,496,496,497,496,496,497,496,498,498,497,497,497,495,496,494,496,495,496,496,495,495,494,492,493,492,491,489,490,490,490,490,491,491,492,494,492,494,494,494,493,491,493,492,493,495,494,496,494,495,495,497,497,498,497,497,497,496,496,495,495,496,498,500,499,500,500,497,495,493,493,494,493,492,491,491,492,491,491,491,492,492,492,493,495,494,495,496,496,495,496,498,498,500,500,501,503,504,504,503,506
Landmark 7,x,313,313,314,311,311,314,313,315,316,312,311,311,313,312,311,310,312,311,311,312,312,313,311,312,311,313,312,314,313,312,312,310,311,313,310,310,313,314,312,313,314,314,312,313,311,312,312,310,312,311,312,312,310,312,312,310,311,308,309,310,311,309,309,307,308,309,308,308,308,309,311,310,310,311,311,309,308,309,308,307,307,309,307,307,310,308,309,310,310,309,310,310,309,311,312,311,309,311,311,309,309,307,308,308,311,311,309,312,313,311,310,312
Landmark 7,y,506,506,506,507,507,507,507,507,509,507,508,507,507,508,508,509,508,509,508,510,510,510,509,508,508,509,508,508,508,509,509,508,508,507,506,506,505,504,502,502,502,501,502,502,504,504,506,505,506,506,506,506,504,505,505,506,508,508,508,507,507,508,510,510,512,510,510,510,509,509,507,508,509,511,513,514,514,513,510,508,506,506,507,506,504,504,503,503,503,503,503,504,504,504,505,506,506,507,508,509,509,509,510,511,513,513,514,516,518,518,517,519
Landmark 8,x,344,344,345,343,342,345,344,346,347,343,341,340,342,342,341,341,341,341,341,343,342,343,342,342,341,343,342,344,344,343,342,341,342,343,341,341,344,345,343,344,345,346,343,343,341,342,342,340,341,342,343,343,340,342,342,340,341,338,339,340,340,338,338,336,337,339,339,338,338,339,341,341,340,340,341,338,338,339,338,337,338,340,338,339,340,339,340,341,340,340,340,341,341,342,342,341,339,342,341,340,341,338,338,338,341,341,340,342,343,342,341,343
Landmark 8,y,510,511,510,510,511,510,511,510,512,511,512,511,511,512,512,513,512,514,513,513,513,514,514,512,512,512,512,512,512,513,513,513,512,511,511,510,509,507,506,505,505,504,505,506,507,508,510,509,510,509,509,509,508,508,509,511,512,512,513,511,512,513,515,516,516,516,514,514,514,513,511,512,513,516,518,519,519,518,515,512,510,509,511,509,508,508,507,507,506,506,506,507,507,507,508,509,510,511,512,513,513,514,515,516,517,517,519,521,522,523,522,523
Landmark 9,x,376,375,376,375,374,376,376,377,377,374,372,371,373,373,371,372,372,372,372,374,373,374,372,373,373,375,374,376,376,374,373,372,373,374,372,373,375,376,374,375,376,377,374,374,372,373,372,371,372,373,374,373,371,372,373,370,371,369,369,369,369,368,367,367,368,370,371,369,369,370,371,371,370,370,371,368,368,371,370,368,369,370,370,370,371,370,371,372,371,372,371,373,372,373,373,372,370,373,373,372,373,370,370,370,372,372,371,372,372,373,371,372
Landmark 9,y,506,507,506,507,507,506,507,506,508,508,508,509,508,508,509,510,509,510,509,509,510,510,510,509,509,509,508,507,508,508,509,509,508,508,507,507,505,503,502,501,501,501,502,502,504,504,506,506,506,506,506,505,505,505,505,508,508,509,509,508,509,509,511,513,513,511,510,510,510,509,507,508,510,512,514,515,516,514,512,509,507,506,507,505,505,505,504,503,503,503,503,503,503,503,505,505,507,507,508,509,509,510,511,512,512,513,515,516,517,518,518,519
Landmark 10,x,403,403,403,403,402,404,403,404,405,402,400,399,400,401,399,399,399,399,400,401,399,400,399,400,400,402,401,402,402,400,400,399,400,402,401,401,402,402,401,401,402,403,400,400,400,400,398,398,398,400,400,400,399,399,399,397,397,396,394,395,395,394,394,394,394,397,397,396,396,397,397,397,396,396,397,395,395,397,397,396,396,398,398,398,398,398,399,399,398,399,398,400,399,400,400,400,397,400,400,400,400,398,398,397,399,399,398,399,399,400,398,399
Landmark 10,y,492,494,492,493,493,492,493,493,493,494,496,496,495,495,496,497,496,497,496,496,497,497,498,496,496,494,495,494,494,495,495,495,494,493,492,493,490,490,489,488,488,487,489,490,491,492,494,494,493,493,493,492,492,492,493,494,495,496,496,495,496,496,498,499,500,497,497,497,497,496,494,495,496,498,500,502,502,500,498,497,494,492,493,491,492,492,491,491,490,490,490,490,491,490,491,492,494,492,493,494,493,496,497,498,497,498,500,501,502,502,502,504
Landmark 11,x,424,424,424,424,423,425,424,425,425,424,423,422,423,423,421,421,421,421,423,423,421,423,421,422,423,424,423,423,424,422,422,421,422,423,424,424,424,424,423,424,425,425,422,423,423,423,421,421,421,423,423,423,422,422,422,420,420,419,417,419,418,416,416,416,416,419,418,418,418,420,420,420,419,419,420,418,418,419,420,418,419,421,421,422,421,422,423,422,421,422,421,423,422,422,422,422,420,422,423,422,422,420,419,419,420,420,419,419,420,421,420,420
Landmark 11,y,474,476,475,475,475,474,475,475,475,476,478,478,478,477,478,479,478,479,477,477,478,477,479,477,476,474,475,473,474,476,476,477,475,473,472,473,470,470,470,469,469,469,472,471,473,474,477,476,476,475,475,475,475,475,475,476,477,478,479,478,479,479,480,481,480,478,478,479,478,477,476,477,478,479,480,482,482,479,478,478,475,473,474,472,474,473,472,473,473,473,473,472,473,472,473,474,477,475,475,476,474,478,479,479,479,480,482,483,484,482,484,485
Landmark 12,x,438,438,438,438,438,438,438,438,439,438,439,437,438,438,437,437,437,436,438,438,436,437,436,437,438,438,438,438,437,436,436,436,436,437,439,438,439,438,438,439,439,440,437,438,438,438,437,436,436,437,437,437,438,437,437,435,435,435,432,434,433,432,432,432,432,433,434,434,434,435,435,435,434,434,435,433,434,435,435,434,435,436,436,437,437,437,438,437,436,437,436,438,436,437,437,436,435,437,438,436,436,435,434,434,434,434,433,433,434,436,434,434
Landmark 12,y,450,452,451,451,452,450,451,451,451,452,454,454,454,453,454,454,454,455,452,452,454,452,454,452,450,449,450,449,448,452,451,452,450,448,445,448,444,445,445,444,445,445,449,448,450,450,453,453,452,451,451,451,451,451,451,453,454,454,456,455,455,456,456,456,456,453,454,456,454,454,453,453,454,455,455,457,457,454,453,453,450,449,449,447,449,449,448,449,449,449,449,448,449,448,449,451,454,451,451,452,450,454,455,456,455,456,458,458,460,457,459,461
Landmark 13,x,444,446,445,444,445,445,445,445,446,445,445,445,446,446,445,444,444,444,446,446,444,445,444,445,446,446,446,446,445,444,444,444,444,445,446,446,447,446,446,446,447,447,446,447,446,447,445,445,445,445,444,445,445,445,445,443,444,444,441,443,442,441,441,442,442,441,442,442,442,444,444,444,443,442,444,443,443,444,444,442,444,445,444,445,445,445,446,445,444,444,444,445,444,444,444,444,443,444,445,444,443,443,442,442,443,442,441,441,441,443,442,442
Landmark 13,y,421,423,423,423,423,422,422,423,422,423,425,425,424,424,425,425,425,425,422,422,424,422,424,422,420,420,420,419,419,422,422,423,420,418,415,418,414,416,415,415,417,416,420,419,422,421,425,423,423,422,422,422,422,423,422,423,424,424,427,425,425,427,426,427,426,424,425,427,424,424,423,425,424,425,425,427,427,424,423,424,421,420,420,418,420,419,419,420,420,420,420,419,421,420,420,422,426,422,421,422,421,424,427,427,426,427,429,429,431,427,430,431
Landmark 14,x,448,450,449,448,448,449,449,450,449,449,449,449,450,450,450,449,449,449,450,451,449,451,449,451,451,450,452,451,450,449,448,449,448,450,450,450,452,451,451,451,452,452,451,453,451,452,452,451,450,450,450,450,450,451,451,447,449,449,447,448,447,446,447,448,448,446,447,448,448,449,449,449,449,448,449,449,450,450,450,448,449,450,449,450,449,450,451,450,449,449,449,450,449,448,449,449,448,449,449,447,447,446,446,446,447,447,445,445,446,446,446,446
Landmark 14,y,393,394,394,394,394,394,393,394,393,393,395,395,394,394,395,395,394,395,392,392,393,391,393,392,390,389,389,388,388,392,391,392,390,388,385,388,384,387,385,386,387,386,391,389,392,390,394,394,393,393,393,393,392,393,392,393,393,393,396,395,395,396,395,396,395,394,394,397,394,394,393,395,394,395,394,396,396,393,393,394,391,390,390,388,390,389,389,390,391,390,391,389,391,390,391,394,397,393,392,393,391,395,397,397,397,397,399,398,400,396,400,401
Landmark 15,x,452,454,454,453,453,453,453,454,454,453,455,453,455,454,455,454,453,454,454,455,454,455,454,456,455,455,456,455,454,454,453,453,453,455,454,454,456,456,455,455,456,456,456,457,456,456,457,456,455,455,456,455,456,456,455,453,455,454,452,453,453,451,451,453,453,452,452,454,453,455,455,454,454,454,454,454,455,455,455,453,453,453,453,454,454,454,455,454,454,453,453,454,453,453,454,453,453,454,454,451,451,451,450,451,452,452,449,450,451,451,451,451
Landmark 15,y,364,365,365,365,365,366,365,366,364,364,366,365,366,365,365,365,364,365,362,362,363,361,363,362,360,360,359,359,359,362,361,363,360,358,355,358,355,357,355,357,359,357,361,360,362,361,364,364,364,363,364,363,363,364,362,364,363,362,365,365,365,365,364,365,365,365,365,368,364,364,363,364,364,364,363,365,365,363,363,364,361,360,361,358,360,359,359,361,362,361,362,360,361,362,363,366,368,365,363,364,364,365,368,368,368,367,369,368,370,367,370,371
Landmark 16,x,455,457,457,457,456,456,456,457,456,456,458,456,457,457,457,456,456,457,457,458,456,457,457,459,458,458,458,457,455,455,455,456,455,457,456,457,457,457,456,456,457,458,460,459,458,459,461,460,458,458,459,458,459,459,458,456,458,456,455,456,456,454,454,456,456,455,455,458,457,459,458,458,457,457,457,457,458,457,457,455,456,455,455,456,456,457,458,456,457,456,457,456,455,455,457,456,456,457,458,455,454,454,454,454,455,455,452,452,454,454,454,454
Landmark 16,y,334,335,335,334,336,336,335,336,335,334,335,335,335,334,334,334,333,334,331,331,332,330,332,331,330,329,328,328,328,331,331,331,329,328,325,328,325,326,325,327,328,327,331,330,332,330,332,332,333,333,333,333,331,333,331,333,331,330,333,333,334,333,332,333,334,335,334,336,333,333,332,332,332,332,331,333,333,331,331,333,331,330,330,329,330,329,329,331,332,330,333,331,332,333,333,337,339,335,333,334,334,335,338,337,336,336,337,336,338,335,339,340
Landmark 17,x,248,248,248,248,248,249,249,249,250,248,249,249,248,248,248,247,247,248,248,248,249,248,248,249,248,249,248,248,248,249,249,248,247,249,251,249,249,247,248,248,248,249,248,247,249,249,248,249,247,248,248,248,247,247,247,247,246,247,247,246,247,248,246,247,247,249,247,247,247,246,245,246,247,246,246,246,247,246,246,246,246,247,248,246,245,245,246,245,245,245,245,244,244,244,244,244,246,244,245,244,244,244,244,244,244,243,246,244,245,245,246,245
Landmark 17,y,311,311,311,312,312,312,311,312,312,312,313,311,311,310,309,309,310,309,308,307,306,306,306,304,304,303,303,303,302,303,302,303,303,301,299,300,299,300,300,300,299,300,301,301,301,302,302,303,304,305,305,305,306,305,305,305,305,304,303,304,304,304,305,305,305,305,305,305,306,306,306,306,304,305,305,305,304,305,305,305,305,304,303,305,306,306,305,306,306,306,306,307,308,309,309,310,310,311,311,312,312,313,314,315,316,318,318,320,321,322,321,323
Landmark 18,x,260,260,261,260,260,262,262,262,262,261,260,261,260,260,260,260,259,259,260,260,260,260,259,261,260,261,259,259,260,260,261,259,259,260,262,261,260,259,259,259,259,259,259,259,260,261,260,261,259,260,259,260,258,259,259,259,259,259,259,258,258,259,257,258,258,259,258,258,258,257,256,256,258,257,257,257,258,257,257,257,257,258,258,257,256,257,257,256,256,256,256,255,255,255,255,256,257,256,257,256,256,256,256,256,256,256,258,257,257,257,259,259
Landmark 18,y,297,297,297,298,298,298,298,298,298,297,298,296,296,295,294,294,294,293,292,291,291,290,290,289,288,287,287,286,286,286,286,287,286,285,284,285,284,284,284,284,284,285,285,285,286,286,287,288,288,289,289,290,290,290,289,289,289,289,288,289,289,289,290,290,289,289,290,289,290,290,290,290,289,289,289,289,289,289,289,289,289,289,288,289,289,289,290,290,290,290,290,291,292,293,294,295,295,297,297,298,299,300,300,301,302,304,305,307,307,308,308,310
Landmark 19,x,280,280,280,280,280,281,282,281,281,281,279,280,280,280,280,279,279,279,279,279,279,279,278,280,279,279,278,279,279,279,280,279,278,279,280,279,278,279,279,279,279,278,279,278,279,280,279,280,279,279,279,279,278,278,279,278,278,278,278,277,277,278,276,276,276,277,276,276,276,276,276,276,277,276,276,276,276,276,276,276,276,277,277,276,276,276,276,275,276,275,276,275,274,275,275,276,276,275,277,276,276,276,276,277,277,276,278,277,278,278,279,279
Landmark 19,y,294,294,294,294,294,295,295,295,295,294,293,292,291,291,290,290,289,288,287,285,285,285,284,283,282,281,280,279,279,279,279,279,279,278,278,277,276,276,277,277,277,277,278,278,279,280,280,281,282,283,283,283,283,283,283,282,282,283,282,283,283,283,283,283,282,282,283,281,283,282,282,282,281,282,281,281,281,282,282,282,282,282,282,282,282,282,283,283,283,283,284,284,285,286,287,288,289,291,292,293,294,295,296,298,299,301,302,304,304,306,306,307
Landmark 20,x,299,300,300,299,300,300,300,300,300,301,299,299,299,299,299,299,299,299,299,298,299,299,298,299,300,299,299,299,299,300,300,300,299,299,300,299,298,299,299,299,299,298,299,299,299,300,299,300,299,299,299,299,299,298,299,299,299,298,298,297,297,297,297,296,296,297,296,296,296,296,296,296,297,296,296,296,296,296,296,296,296,296,297,296,296,296,296,295,296,296,296,295,295,295,295,296,296,296,297,296,296,296,296,296,296,296,297,296,297,298,299,298
Landmark 20,y,297,297,297,297,298,298,298,298,298,297,295,295,294,293,293,292,291,290,288,287,286,286,284,284,283,282,281,280,280,279,280,280,279,278,277,277,277,277,277,277,278,277,278,279,280,281,281,282,283,284,284,284,284,284,284,283,283,283,283,284,284,284,283,283,282,282,283,281,283,282,282,282,281,281,281,281,281,282,282,282,282,283,282,282,282,283,283,283,283,284,284,284,285,286,287,289,291,292,294,295,297,298,299,300,302,304,306,307,307,309,310,311
Landmark 21,x,316,317,316,316,316,317,317,317,317,318,317,317,317,317,317,317,317,317,317,316,317,317,316,317,317,317,317,317,317,317,318,317,317,317,316,316,316,316,317,316,316,316,316,316,316,317,316,317,317,316,316,316,316,316,316,316,316,316,315,315,314,314,314,314,313,313,313,314,314,314,314,314,314,314,314,314,314,313,313,313,313,313,313,313,314,313,313,313,313,313,313,313,313,313,313,313,313,314,314,314,314,313,313,313,314,314,314,314,314,315,315,315
Landmark 21,y,308,308,308,308,309,309,308,309,308,308,305,304,304,303,302,301,300,299,297,296,295,295,294,293,291,291,290,290,289,289,290,290,289,288,287,287,286,287,287,288,287,286,288,289,290,291,291,292,292,293,294,294,294,294,294,293,294,293,293,293,294,293,293,292,291,291,292,291,293,291,291,292,291,291,291,291,291,291,291,291,291,292,291,291,291,292,293,292,293,293,294,293,294,296,297,299,300,302,304,305,307,308,309,311,312,314,316,317,318,319,320,321
Landmark 22,x,357,357,358,357,357,357,357,356,357,357,357,356,356,355,355,355,355,356,355,355,354,355,355,354,354,354,355,355,354,356,355,354,355,355,354,354,355,354,354,355,355,355,355,355,355,356,355,355,355,355,354,354,354,353,353,353,354,353,353,354,354,353,352,353,353,352,352,352,352,352,352,353,353,353,353,352,352,352,352,353,351,351,352,351,351,351,351,352,351,351,351,351,351,351,351,353,354,353,353,353,353,353,353,353,354,354,354,356,355,355,356,356
Landmark 22,y,307,307,307,308,308,308,308,308,308,307,305,304,303,303,302,301,300,298,297,296,295,294,293,293,291,291,289,289,288,288,289,290,289,288,287,286,286,285,286,286,286,286,288,288,289,290,290,291,292,292,293,293,293,293,293,293,293,293,293,292,292,292,292,291,290,290,290,290,292,290,290,291,290,291,290,290,290,290,289,290,291,291,290,291,291,291,292,291,292,292,293,292,293,295,296,299,300,302,304,306,308,309,311,311,313,314,316,318,318,320,321,322
Landmark 23,x,375,376,376,375,375,375,376,375,375,376,376,376,376,374,375,375,374,376,374,374,374,374,375,374,375,374,376,375,375,376,375,374,375,375,374,374,374,375,374,375,375,375,375,374,375,376,375,376,375,375,374,374,374,374,373,373,373,373,373,373,373,372,371,372,372,371,371,372,372,373,373,373,373,372,373,372,372,373,373,373,372,371,372,372,372,372,372,372,372,372,372,372,372,372,372,373,374,373,373,373,373,373,373,374,373,374,373,374,375,375,374,375
Landmark 23,y,298,298,298,298,299,299,299,299,299,298,296,295,294,294,293,293,291,290,289,288,286,286,286,286,284,284,281,281,281,281,281,281,281,280,280,278,279,278,278,278,279,279,280,280,281,282,282,283,284,285,285,285,285,285,284,285,284,284,284,284,284,284,284,283,282,282,282,281,283,282,282,282,282,282,282,282,282,282,282,282,282,283,283,283,282,283,283,283,283,284,284,284,285,287,288,290,292,293,295,296,298,300,301,302,303,305,307,308,309,311,312,313
Landmark 24,x,395,396,395,395,395,395,395,395,394,396,396,395,396,394,395,395,395,397,394,394,395,395,396,395,397,396,397,397,397,396,396,396,397,396,394,396,396,397,396,396,397,397,397,396,397,398,397,397,397,397,396,396,396,395,395,395,394,394,394,395,394,393,392,393,393,391,392,393,394,395,395,395,394,394,394,394,394,395,395,395,394,393,394,394,394,394,394,394,394,393,394,394,393,393,394,394,395,395,394,394,394,394,393,395,394,395,393,394,395,395,395,395
Landmark 24,y,295,294,295,295,295,295,295,295,296,294,293,292,291,292,290,290,289,288,287,286,285,285,285,284,283,283,281,281,281,281,281,282,281,280,280,279,279,278,279,279,279,279,280,280,281,282,282,283,284,285,285,285,285,284,284,284,284,284,284,284,284,283,283,282,282,282,282,281,283,283,283,282,282,282,282,282,282,282,282,283,283,283,283,283,283,283,284,283,284,284,285,285,285,287,288,290,291,292,294,294,296,297,298,299,300,302,304,305,306,307,308,309
Landmark 25,x,414,415,415,415,414,414,415,415,414,416,416,415,416,414,415,416,415,417,415,415,415,415,416,416,418,416,418,417,418,416,416,417,417,417,414,416,415,417,416,417,418,417,418,417,418,418,418,418,418,417,417,416,417,416,416,416,415,415,414,415,414,412,412,414,413,410,412,414,414,416,416,416,414,415,415,415,415,416,416,415,415,413,414,414,415,415,414,415,415,414,414,415,415,414,415,415,415,415,415,415,414,414,413,415,414,416,413,414,415,416,415,416
Landmark 25,y,298,298,298,298,298,298,298,299,298,298,297,296,296,296,294,294,294,293,292,291,290,291,290,290,289,288,288,288,288,288,289,289,289,287,287,287,286,286,287,286,286,286,287,287,288,289,289,290,291,292,292,292,292,291,291,291,290,290,290,290,291,290,290,290,289,290,289,289,290,291,291,291,290,290,290,290,290,290,290,290,290,290,290,291,291,291,292,291,292,292,292,292,293,294,295,297,298,298,299,300,301,302,302,303,304,306,307,307,309,310,311,312
Landmark 26,x,427,429,428,428,428,428,428,428,427,430,429,428,430,428,429,429,429,430,428,428,428,429,430,430,431,430,432,430,430,429,430,430,430,430,428,429,428,430,429,429,431,430,431,430,431,431,431,431,431,430,430,430,430,430,429,429,428,428,428,428,426,424,425,426,426,423,425,426,427,429,429,429,427,428,428,429,428,429,429,428,428,427,427,428,428,428,428,428,427,427,427,427,428,427,428,428,428,428,428,428,428,427,427,429,428,429,427,429,429,430,429,431
Landmark 26,y,309,310,310,311,310,310,311,311,310,311,311,309,310,309,308,308,308,308,306,305,305,305,305,305,305,303,303,304,304,304,304,305,305,303,301,302,300,301,301,302,302,302,302,302,303,304,304,305,307,307,307,307,308,306,306,307,305,305,305,305,306,304,304,305,305,304,304,305,306,307,308,307,306,307,305,305,306,306,306,306,306,306,306,306,307,306,307,308,308,308,308,308,308,310,311,311,312,312,313,314,314,316,316,317,317,319,320,319,322,323,322,324
Landmark 27,x,337,338,338,337,338,338,338,338,338,339,338,337,337,337,337,337,337,337,337,337,336,337,337,337,337,337,338,338,338,338,338,337,337,338,337,337,338,338,337,337,338,337,337,337,337,337,337,337,337,336,336,336,336,336,336,336,336,336,335,335,335,335,335,334,334,334,335,334,334,334,335,335,335,335,335,334,334,334,334,334,334,334,334,333,334,333,333,334,333,333,333,333,333,333,333,334,334,334,335,334,334,334,333,334,335,334,335,335,336,336,337,337
Landmark 27,y,332,331,331,332,332,333,333,333,333,330,327,326,326,326,325,324,323,322,322,321,320,319,319,319,318,319,317,317,316,317,318,317,317,316,316,316,315,316,316,316,315,315,316,316,317,318,318,319,319,319,320,319,320,319,320,319,320,320,319,320,321,321,320,320,320,323,321,319,320,320,319,319,320,319,319,319,319,320,319,320,320,320,319,319,319,320,320,320,320,320,321,320,320,322,324,327,327,328,327,330,331,332,334,335,336,338,339,341,341,342,343,344
Landmark 28,x,338,338,338,337,338,338,338,338,338,339,337,337,337,337,336,337,337,337,337,337,337,337,337,337,337,337,338,338,338,338,338,337,338,338,338,338,338,338,338,337,338,337,337,337,337,337,337,337,336,336,336,336,336,336,336,336,336,336,335,336,335,335,335,335,334,334,335,334,334,334,335,335,335,335,335,334,334,334,334,334,334,334,335,334,334,333,333,334,333,333,333,333,333,333,333,333,334,334,335,334,334,334,333,334,335,335,335,336,336,336,336,337
Landmark 28,y,352,351,352,352,353,353,353,353,353,351,349,347,347,346,346,345,344,343,343,342,341,340,340,340,339,339,338,338,338,338,339,338,338,337,337,337,336,337,337,337,336,336,336,337,338,339,339,340,340,340,341,340,341,341,341,340,341,341,341,341,342,342,342,342,342,344,342,341,342,342,341,341,341,341,341,341,341,342,341,342,342,342,341,341,341,342,342,342,342,342,342,342,343,344,346,347,348,349,349,351,352,354,355,356,357,359,361,363,363,364,365,366
Landmark 29,x,338,338,338,338,338,338,339,338,339,339,337,337,337,337,336,337,336,337,337,337,337,337,337,337,337,338,338,338,338,339,338,337,338,338,338,338,338,338,338,338,338,338,337,337,337,337,337,337,336,336,336,336,336,336,336,336,336,336,336,336,335,335,336,334,334,334,334,334,334,334,335,335,335,335,335,334,333,334,334,334,334,334,335,334,334,334,333,333,333,333,333,333,333,334,333,333,334,334,335,334,334,334,334,334,335,335,335,336,336,336,336,337
Landmark 29,y,372,371,372,373,373,373,373,373,373,372,370,368,367,367,366,366,364,364,363,363,361,361,361,360,359,360,359,359,359,360,360,360,359,358,359,358,358,357,358,358,357,357,357,358,358,360,360,361,361,361,362,362,362,362,362,362,362,362,362,362,363,364,363,363,363,364,363,363,364,364,363,363,363,363,362,363,363,363,363,364,364,364,364,363,363,364,363,363,364,364,364,363,364,366,367,368,369,371,370,372,373,375,376,377,378,381,383,385,385,386,387,388
Landmark 30,x,338,338,338,338,338,338,339,338,339,338,337,337,337,337,336,337,337,337,337,338,337,338,337,337,337,338,338,339,339,339,339,338,338,339,338,338,339,339,338,338,338,338,337,337,337,337,337,337,336,336,336,336,336,336,336,336,336,336,336,336,335,335,336,335,334,334,334,334,334,334,335,335,335,335,336,334,333,334,333,334,334,334,335,335,334,334,333,333,333,333,333,334,334,334,333,333,333,335,335,334,334,335,334,334,335,335,336,336,336,336,336,337
Landmark 30,y,392,392,393,393,393,393,394,393,393,393,391,390,388,388,387,386,385,384,384,383,382,382,382,381,380,380,380,380,380,381,381,381,381,380,380,379,379,378,379,378,378,378,378,379,379,381,381,382,382,382,383,383,383,383,383,383,384,383,384,384,385,385,385,385,385,385,384,384,386,385,385,385,385,385,384,385,385,385,385,385,386,386,386,385,385,386,385,385,385,386,385,386,386,388,388,389,390,392,391,393,394,396,396,398,400,402,405,406,408,409,409,409
Landmark 31,x,319,319,319,318,319,319,319,319,319,319,319,318,318,318,317,317,317,318,320,319,318,318,317,317,318,319,318,318,318,318,318,316,317,319,318,318,319,318,318,318,318,317,317,317,317,317,317,317,317,317,317,316,316,316,317,317,317,315,315,316,316,316,316,315,315,315,315,315,315,315,315,315,316,315,316,315,314,315,314,314,315,315,315,315,315,315,314,314,314,314,314,314,314,315,314,314,315,315,316,316,314,315,314,315,316,315,317,316,317,317,317,317
Landmark 31,y,405,404,404,405,405,405,406,405,405,404,403,402,401,401,401,400,399,399,398,398,397,396,396,396,396,396,395,395,396,396,395,394,395,395,395,395,394,393,393,392,392,393,393,393,394,395,396,396,397,397,397,397,397,397,397,398,397,397,397,397,397,397,398,399,399,399,400,399,399,399,399,399,398,398,398,398,398,399,399,399,399,399,398,398,398,398,398,399,399,398,399,399,399,400,401,403,403,404,405,405,406,407,408,409,411,412,414,416,418,419,420,420
Landmark 32,x,329,329,328,328,328,329,329,329,329,329,328,327,327,327,327,327,326,327,328,328,327,327,327,327,327,328,328,328,328,328,327,326,327,328,327,328,328,328,328,328,327,327,326,327,326,327,327,327,326,326,326,326,326,326,326,326,326,325,325,326,325,325,326,325,324,325,325,324,324,324,325,325,325,325,325,324,324,324,324,323,324,324,324,324,324,324,324,324,323,324,324,324,324,324,324,324,324,325,325,325,324,325,324,325,325,325,326,326,326,327,327,327
Landmark 32,y,409,408,409,409,409,409,409,409,409,408,407,406,405,405,405,404,403,403,402,402,401,400,400,400,400,400,399,399,400,400,399,399,399,399,399,399,398,398,398,397,397,397,397,397,398,399,399,400,401,401,402,401,401,402,402,401,402,401,401,401,401,401,402,403,403,403,404,403,404,404,403,403,402,402,402,402,403,403,403,404,403,403,403,402,403,402,403,403,403,403,403,403,404,404,405,407,407,408,409,410,411,411,412,413,415,417,419,421,422,423,424,424
Landmark 33,x,338,338,338,338,338,339,339,339,339,339,338,337,337,337,337,337,337,337,337,337,337,338,337,337,337,338,339,339,339,338,338,336,338,339,337,338,338,338,338,338,338,337,337,337,337,337,337,337,337,336,336,336,336,336,336,336,336,336,336,336,335,335,335,335,334,334,335,334,334,334,336,336,335,335,335,334,333,333,333,333,334,334,335,334,334,334,333,334,334,334,333,334,334,334,333,333,334,334,335,335,334,335,334,335,335,335,336,337,336,337,337,337
Landmark 33,y,412,411,412,412,412,412,413,412,412,412,411,410,409,408,408,407,406,406,405,405,404,403,403,403,402,403,403,402,403,403,403,402,402,402,402,402,401,401,401,400,400,400,400,400,401,402,402,403,404,404,405,404,404,405,405,404,405,405,405,404,405,405,405,406,407,407,407,406,407,407,406,406,406,405,405,406,406,407,406,407,406,406,406,406,406,406,406,406,406,406,406,406,407,407,408,410,410,412,412,413,414,415,416,417,419,420,422,424,425,426,427,428
Landmark 34,x,347,347,348,347,348,348,349,349,349,348,347,347,348,347,347,347,347,347,347,347,348,348,348,347,348,348,349,349,349,349,348,347,348,348,347,347,349,348,349,348,348,348,347,347,347,348,347,347,347,347,346,347,346,346,346,345,346,346,346,346,345,346,346,345,344,344,344,344,345,345,345,346,345,345,345,344,343,344,344,344,344,344,345,344,345,344,344,344,344,344,343,344,344,344,343,343,344,344,344,344,344,344,344,344,345,345,345,346,346,347,347,347
Landmark 34,y,408,408,408,408,408,408,409,408,408,408,407,406,405,405,404,403,402,402,402,401,400,400,400,400,399,400,399,399,399,400,399,399,399,399,399,398,398,397,397,396,396,396,397,397,398,399,399,400,400,401,401,401,401,401,402,401,401,401,401,401,401,401,402,403,403,403,403,403,403,403,402,402,402,402,402,402,403,403,403,404,403,403,402,402,402,402,402,402,402,402,402,402,403,404,405,406,407,408,408,409,410,411,412,413,415,416,418,420,421,423,423,424
Landmark 35,x,355,355,356,355,356,357,357,357,357,357,355,356,356,354,355,356,356,356,354,356,356,357,357,356,357,356,358,358,357,358,357,356,357,356,356,356,357,357,357,357,357,357,356,356,356,357,356,357,355,356,355,356,355,355,355,353,354,354,355,355,354,354,354,353,352,352,353,353,353,353,354,354,353,354,353,353,352,352,353,353,352,353,354,353,353,352,352,353,352,352,351,352,353,352,352,351,352,353,352,352,353,353,353,353,353,353,353,354,353,355,355,355
Landmark 35,y,404,404,404,404,404,404,405,405,404,404,403,402,401,401,401,400,399,399,399,398,397,396,396,396,396,396,395,395,396,396,396,396,396,395,395,395,394,394,393,393,393,393,393,394,394,396,396,397,397,397,398,398,398,398,398,398,397,398,397,397,397,397,398,399,399,399,399,399,399,399,399,399,398,398,398,399,399,399,399,400,399,399,399,398,399,398,399,399,398,399,399,399,399,400,401,402,403,404,405,405,406,407,408,409,410,412,414,415,417,418,419,420
Landmark 36,x,271,272,271,271,271,272,272,272,274,272,273,272,270,270,269,269,268,268,269,268,268,268,268,268,268,268,268,268,267,268,268,267,267,266,266,267,266,267,267,267,267,267,267,267,267,267,267,268,267,267,267,266,267,267,266,266,266,266,265,265,269,271,269,269,267,271,270,269,267,266,266,266,266,265,266,265,265,265,264,264,264,265,265,264,264,264,264,264,264,264,264,264,263,264,266,267,268,267,268,268,268,268,267,268,268,268,270,269,269,269,269,269
Landmark 36,y,341,340,340,342,342,342,342,341,342,339,335,332,331,330,330,329,328,327,326,326,325,325,325,324,323,323,322,321,321,322,322,321,321,321,320,320,320,319,319,319,319,319,320,320,321,322,322,323,323,324,324,324,324,325,324,324,324,324,323,324,327,333,331,328,328,335,333,329,328,326,325,325,324,324,324,324,325,325,325,325,324,323,323,323,324,324,324,325,325,325,325,325,326,327,332,335,336,337,337,339,340,341,342,343,344,345,348,348,349,349,350,351
Landmark 37,x,284,284,284,283,283,284,284,285,286,285,284,284,282,282,281,281,280,281,281,280,280,280,281,280,280,280,280,280,280,281,280,279,280,279,279,278,279,279,279,279,279,279,279,279,279,280,280,280,279,279,279,279,279,279,279,278,278,278,277,277,281,283,281,281,279,283,282,281,279,278,278,279,278,278,278,277,277,277,276,277,276,277,277,276,276,276,276,276,276,276,276,276,275,276,278,279,281,280,281,281,281,280,280,281,281,281,283,282,282,283,282,283
Landmark 37,y,338,337,337,338,339,339,339,338,340,335,328,325,323,323,321,320,319,318,317,317,315,315,315,314,314,313,312,312,311,312,312,311,311,311,310,310,310,309,309,309,309,309,310,310,311,312,312,313,313,314,314,314,314,314,314,314,314,314,314,314,320,329,325,321,321,331,329,322,320,317,316,316,315,315,315,314,315,315,315,315,315,314,314,314,314,314,315,315,315,315,315,315,316,318,325,329,331,332,333,334,337,338,339,340,341,343,344,345,346,347,347,348
Landmark 38,x,297,298,298,297,297,298,297,298,299,299,298,298,297,297,297,297,296,297,297,297,297,297,297,297,297,297,297,297,297,298,297,296,297,296,296,296,296,296,296,296,296,296,296,296,296,297,296,297,296,296,296,296,296,296,296,295,296,295,294,295,296,296,295,296,294,296,295,295,295,294,295,295,295,295,295,294,294,294,293,294,293,293,293,293,293,293,293,293,293,293,293,292,292,293,293,293,295,294,295,295,294,294,294,295,294,295,296,296,296,296,296,297
Landmark 38,y,337,336,336,337,338,337,338,337,338,334,328,325,323,322,322,320,319,318,317,316,315,315,314,314,314,313,312,312,312,312,312,312,312,311,311,310,310,309,309,309,309,309,310,310,311,312,313,313,313,314,315,315,315,315,314,314,315,314,314,314,320,328,324,320,321,330,328,321,319,317,316,316,315,315,315,314,315,316,315,315,315,315,314,314,315,315,315,315,315,315,316,316,316,318,325,329,331,331,332,333,336,337,338,339,340,342,343,344,345,346,346,348
Landmark 39,x,310,310,310,309,309,310,309,310,310,311,311,311,310,310,309,310,309,310,310,310,310,310,310,310,310,310,311,310,311,311,311,310,310,309,309,310,310,310,310,310,310,310,310,310,310,310,310,311,310,310,310,309,310,310,309,309,309,309,308,309,309,308,308,308,306,307,307,307,308,308,308,309,309,308,308,308,308,308,307,307,307,307,307,306,306,307,306,307,306,307,307,307,306,306,306,305,307,307,307,307,307,306,306,307,306,307,308,308,308,309,309,309
Landmark 39,y,340,339,339,341,341,341,341,341,341,338,335,333,332,333,332,332,331,330,330,329,328,327,327,327,326,327,325,325,325,325,325,325,325,324,324,324,323,323,323,323,323,323,323,324,325,326,326,327,327,327,328,328,328,328,328,327,328,328,327,328,328,331,330,329,329,333,331,329,329,329,328,328,328,328,328,328,328,328,328,328,328,327,327,327,327,328,328,328,329,328,329,329,329,331,333,337,337,337,337,339,340,342,344,345,345,346,348,349,349,350,350,352
Landmark 40,x,297,298,298,297,297,298,297,298,299,298,298,298,297,297,296,296,296,296,297,296,296,296,296,296,296,296,296,296,296,297,297,295,296,295,295,295,295,295,295,295,295,295,296,295,296,296,296,296,295,295,295,295,295,295,295,294,295,294,293,294,296,297,295,295,293,296,295,295,295,294,294,295,294,294,294,293,293,293,292,293,292,292,293,292,292,292,292,292,292,292,292,292,291,292,293,293,294,294,294,294,294,294,293,294,294,294,295,295,296,296,296,296
Landmark 40,y,344,344,344,345,345,345,346,345,345,342,338,337,336,337,336,336,334,334,334,333,332,331,331,331,330,331,330,329,329,330,329,329,329,329,329,328,328,327,327,327,327,327,327,328,329,330,330,331,331,332,332,332,332,332,332,332,332,332,331,332,331,334,332,332,332,338,335,332,332,332,332,332,331,331,332,331,332,332,332,332,332,331,331,331,332,332,332,332,333,332,333,333,333,335,337,340,340,341,341,343,344,345,347,348,348,350,352,353,353,354,354,356
Landmark 41,x,283,284,284,283,283,284,284,285,286,285,285,283,282,281,280,280,280,280,280,280,279,280,280,279,279,279,279,279,279,280,280,278,279,278,278,278,278,278,278,278,278,278,278,278,278,279,279,279,278,278,278,278,278,278,278,277,277,277,276,276,281,284,282,281,279,283,282,281,279,278,278,278,278,277,278,277,276,277,276,276,275,276,276,275,275,275,275,275,275,275,275,275,274,275,278,278,280,279,280,280,280,280,279,280,280,280,282,282,282,282,282,282
Landmark 41,y,345,344,344,346,346,346,346,345,346,343,339,337,337,337,336,336,334,334,334,333,332,331,331,331,330,331,330,329,329,329,329,329,328,329,328,328,328,327,327,327,326,327,327,328,328,330,330,330,331,332,332,332,332,332,332,332,332,332,331,332,332,335,333,333,333,338,336,333,332,332,332,332,331,331,332,331,332,332,332,332,332,331,331,331,332,332,332,332,332,332,333,333,333,335,337,340,341,341,342,344,344,345,347,348,349,350,352,353,354,354,354,356
Landmark 42,x,366,367,367,367,367,368,367,367,367,369,367,366,366,366,366,366,366,366,366,366,366,366,366,366,367,367,367,367,367,367,366,366,366,367,367,367,367,367,366,366,367,366,367,366,367,367,367,367,366,366,366,365,365,365,365,365,365,365,364,365,364,364,364,364,364,363,363,364,364,364,364,364,364,364,364,364,364,364,364,364,365,364,364,364,364,364,363,364,363,363,363,363,363,363,363,364,365,364,365,364,364,364,364,365,365,365,365,365,366,366,366,366
Landmark 42,y,340,340,340,340,341,341,342,341,341,339,334,333,332,332,332,331,330,329,330,328,327,326,327,326,325,326,325,324,324,325,326,325,325,324,324,324,324,323,323,323,323,323,323,323,324,326,326,327,326,327,328,327,327,327,327,327,328,328,327,328,328,330,329,328,328,333,331,328,328,328,328,328,328,327,327,328,328,328,328,328,327,327,327,327,327,327,327,328,328,328,328,328,328,330,333,337,337,338,338,340,340,343,344,345,346,347,349,349,350,350,351,353
Landmark 43,x,381,381,382,381,381,382,381,382,380,383,381,380,381,380,380,380,381,381,380,381,380,380,381,380,381,381,382,381,381,382,381,381,381,381,381,381,380,381,381,381,381,381,381,381,382,382,381,381,381,381,380,381,380,380,380,379,380,380,380,379,378,378,378,378,378,376,377,378,378,379,379,379,379,379,379,379,379,379,379,379,379,379,379,378,378,378,378,378,378,378,378,378,378,377,378,378,379,379,380,379,379,379,379,379,380,379,379,379,380,380,381,381
Landmark 43,y,337,336,337,337,338,337,338,337,339,334,327,324,323,322,321,320,318,318,317,316,315,314,314,314,314,313,312,312,312,313,313,313,312,312,311,311,310,310,310,310,310,310,311,311,311,313,313,314,313,314,315,315,315,314,314,314,315,315,314,314,320,327,323,320,320,329,327,320,319,317,316,316,315,315,315,315,315,316,315,316,315,314,314,314,315,315,315,315,315,315,316,315,316,318,326,330,331,332,333,334,337,338,339,340,341,343,344,345,346,347,347,349
Landmark 44,x,395,395,395,395,395,395,395,395,393,396,395,395,396,396,396,396,396,397,397,397,397,396,397,397,397,398,399,398,398,398,398,398,398,398,398,398,398,398,398,398,398,398,398,398,398,398,398,397,398,397,397,397,397,397,396,396,397,397,396,396,392,390,392,393,393,389,391,392,393,395,395,395,395,395,396,396,395,395,395,395,395,395,395,395,395,395,394,395,395,394,394,395,394,394,393,393,393,393,394,394,393,393,392,393,393,393,393,393,394,394,394,395
Landmark 44,y,337,337,337,338,338,338,338,338,340,335,328,325,323,322,321,320,318,318,317,316,314,315,315,314,314,313,312,312,312,313,313,313,312,311,311,310,310,310,310,310,310,310,311,311,311,312,313,314,313,314,315,315,315,315,314,314,315,315,315,314,321,328,324,320,321,330,328,321,319,317,316,316,316,316,315,315,315,315,315,315,315,314,315,314,315,315,315,315,315,316,316,316,316,318,327,331,332,333,334,335,338,339,339,341,342,344,345,345,347,347,348,350
Landmark 45,x,406,406,407,407,406,407,407,407,405,408,406,407,408,408,408,408,408,409,409,409,409,409,409,409,409,411,411,410,410,410,410,410,410,411,410,410,410,411,410,410,411,411,410,410,410,411,410,410,410,410,409,410,409,409,409,409,409,409,409,409,404,402,404,405,404,400,402,404,406,407,408,408,408,408,408,409,408,408,408,407,408,408,407,407,407,407,407,407,407,407,407,407,407,406,405,405,405,405,406,406,405,405,405,405,405,405,405,405,406,407,407,407
Landmark 45,y,341,341,341,341,342,341,342,342,343,339,334,332,331,331,330,329,328,327,327,326,325,324,325,324,324,323,322,322,322,323,324,323,323,322,321,321,321,320,320,321,320,320,321,321,322,323,323,324,324,325,325,325,325,325,325,325,325,325,325,325,329,332,330,328,328,334,332,328,327,327,326,326,326,326,325,326,325,325,325,325,324,324,325,324,325,324,325,325,325,326,326,326,326,328,333,337,337,338,338,340,341,343,343,345,346,347,348,349,350,350,350,353
Landmark 46,x,395,395,395,395,395,395,395,395,393,396,395,396,397,396,397,397,397,398,398,398,398,397,398,398,398,399,400,399,399,399,399,398,398,399,399,399,399,399,399,399,399,399,399,399,399,399,399,399,399,398,398,398,398,398,397,397,398,397,397,397,392,390,392,393,393,389,391,392,394,396,396,396,396,396,396,397,396,396,396,396,396,396,396,395,396,396,395,396,396,395,395,396,395,395,394,393,393,393,394,394,393,393,393,393,393,393,393,393,394,395,394,395
Landmark 46,y,345,346,345,346,346,346,347,346,347,343,339,337,336,337,336,335,334,334,334,333,331,331,331,331,330,331,329,329,329,330,330,330,329,329,329,329,328,327,327,327,327,328,328,328,329,330,330,331,331,332,332,332,332,332,332,332,332,332,331,332,333,334,332,333,333,338,336,332,332,333,332,332,332,332,332,332,332,332,332,333,332,332,332,332,332,332,332,332,332,333,333,333,333,335,339,342,342,343,343,345,346,348,349,350,350,352,353,354,354,356,355,357
Landmark 47,x,380,381,381,381,381,381,381,381,380,382,381,381,381,381,381,381,382,382,381,381,381,381,382,381,382,382,383,382,382,382,382,381,381,382,382,381,382,382,382,382,382,382,382,382,382,383,382,382,382,382,381,381,381,380,380,380,381,380,380,380,378,377,378,378,378,376,377,378,378,380,380,380,379,380,380,380,379,380,380,379,380,380,380,379,379,379,379,379,379,378,379,379,378,378,378,379,379,379,379,379,378,378,378,379,379,379,379,379,380,380,381,381
Landmark 47,y,344,345,345,345,346,345,346,345,346,343,338,337,336,337,336,335,334,333,334,332,331,331,331,330,330,331,329,329,329,330,330,330,329,329,329,329,328,327,327,327,327,328,328,328,329,330,330,331,331,332,332,332,332,332,331,332,332,332,331,332,332,333,332,333,332,337,335,332,332,332,332,332,332,332,332,332,332,332,332,333,332,332,332,331,331,332,332,332,332,333,333,333,333,335,338,341,342,342,342,344,345,347,348,349,350,351,353,353,354,355,355,357
Landmark 48,x,301,302,301,301,301,301,300,302,301,302,302,301,302,302,301,301,301,302,302,303,302,303,302,302,304,303,303,303,301,301,300,299,300,301,301,301,303,303,301,300,301,299,299,299,300,301,300,302,301,300,300,299,299,298,299,299,298,298,298,297,299,300,301,299,299,301,299,298,297,296,297,297,298,299,299,300,299,298,299,297,297,297,297,296,297,296,295,296,297,296,296,296,296,296,297,296,297,298,297,297,295,295,295,296,296,296,296,296,297,296,297,297
Landmark 48,y,443,444,444,444,444,445,444,444,445,445,446,445,445,446,445,445,443,445,445,445,443,443,444,443,443,445,443,442,441,441,439,439,440,441,442,443,440,440,439,438,438,437,438,438,439,439,440,439,440,441,441,441,440,440,441,440,440,440,442,440,440,439,442,445,444,444,443,441,441,440,440,440,441,441,442,444,444,443,443,442,441,440,441,440,440,440,440,440,440,439,439,440,440,440,442,442,443,443,444,444,444,444,445,445,447,448,449,451,451,453,453,454
Landmark 49,x,314,315,315,314,314,314,314,315,315,315,314,314,314,313,313,313,314,314,314,314,314,314,314,313,315,314,315,316,315,314,313,311,313,312,312,312,314,315,313,314,314,312,312,312,312,313,312,313,313,312,312,312,312,311,312,312,311,311,311,311,311,312,313,310,310,312,311,310,310,309,310,310,311,310,309,310,308,310,310,311,310,310,310,309,310,310,309,310,310,310,310,309,310,310,310,310,310,311,310,311,310,311,310,311,311,310,311,311,312,311,313,312
Landmark 49,y,436,436,436,437,436,437,437,437,437,437,437,436,435,435,434,433,433,432,432,431,430,430,430,430,431,432,432,433,433,431,425,425,427,428,429,430,428,428,427,426,425,426,425,426,426,427,427,427,428,429,429,429,429,429,429,429,428,428,428,427,426,426,428,432,434,434,434,431,430,429,429,429,429,429,429,429,431,432,433,432,430,430,430,429,430,430,430,430,430,430,430,430,431,431,432,433,434,435,436,437,438,438,439,440,442,444,445,447,447,448,449,450
Landmark 50,x,328,328,328,327,327,327,328,328,328,327,326,327,327,325,325,327,327,327,327,327,327,328,328,327,328,328,329,330,329,328,328,326,327,327,326,327,329,329,328,329,328,327,326,326,326,327,327,327,326,325,326,325,325,325,325,326,326,325,325,326,326,326,327,324,324,324,324,324,324,323,325,325,325,324,323,323,322,323,323,324,324,323,323,323,324,323,323,323,323,324,324,323,323,323,323,323,323,324,323,325,323,324,324,324,325,325,325,325,326,325,327,327
Landmark 50,y,432,432,432,433,432,432,433,433,433,432,432,431,430,429,429,428,427,426,426,425,424,424,424,424,425,425,426,428,428,426,419,418,421,422,422,422,421,421,420,419,418,420,419,419,420,420,421,421,422,423,423,423,423,423,423,423,422,421,421,420,420,420,421,425,428,429,429,426,424,424,423,423,423,423,423,423,424,426,428,427,425,424,424,424,424,424,424,424,425,425,425,425,425,426,427,428,429,431,432,434,435,435,436,437,439,441,442,444,445,446,447,447
Landmark 51,x,338,338,338,337,338,338,338,338,339,338,336,336,336,336,335,336,336,336,336,337,336,337,337,336,337,338,338,338,338,337,337,335,336,336,336,336,337,338,337,337,337,337,336,336,336,337,336,336,336,335,335,335,335,335,334,335,336,335,336,336,336,336,336,334,333,333,333,334,334,333,334,335,334,334,333,333,332,332,332,333,333,333,333,333,333,333,332,333,333,334,333,333,333,333,333,333,333,334,333,335,334,335,334,335,335,335,336,336,336,336,337,337
Landmark 51,y,434,434,434,435,435,435,436,435,436,435,435,434,432,432,432,430,430,429,429,427,427,426,427,427,428,428,429,431,431,429,422,421,424,425,425,425,424,424,423,422,421,423,422,422,423,423,424,424,425,426,426,426,426,426,426,426,425,424,423,423,422,423,424,428,431,432,432,428,427,427,426,426,426,426,426,426,427,429,431,430,428,427,427,426,427,427,427,427,428,427,427,428,428,429,430,431,432,434,435,436,438,438,439,440,442,444,445,447,448,449,450,450
Landmark 52,x,349,349,349,349,349,348,349,349,350,349,348,347,348,347,347,347,347,347,347,348,347,347,348,346,347,348,348,348,348,348,348,346,347,347,346,347,347,347,347,347,347,348,347,347,346,347,346,347,346,346,346,345,345,346,345,346,347,346,347,347,347,347,347,345,343,343,344,345,345,345,345,346,345,346,345,344,343,343,343,344,344,344,344,344,344,344,344,344,344,345,344,344,344,344,344,344,344,345,344,345,345,345,344,345,345,346,346,347,347,348,348,349
Landmark 52,y,431,431,431,432,432,432,433,432,433,432,432,431,429,429,429,427,427,426,426,425,424,424,424,424,425,426,426,428,428,426,420,419,422,422,422,422,421,421,420,419,418,419,419,419,420,421,421,421,422,423,423,423,423,423,423,424,422,421,421,420,420,421,421,425,428,429,429,426,425,424,424,423,423,423,424,424,425,427,428,428,426,425,425,424,424,424,424,424,425,425,425,425,425,426,427,428,429,431,432,433,434,435,436,437,438,441,442,444,444,445,447,447
Landmark 53,x,362,362,362,362,363,362,362,362,363,363,362,361,362,361,361,362,361,362,362,362,362,362,363,361,362,363,363,363,364,364,364,362,363,362,361,362,362,362,362,362,362,363,362,362,362,362,362,362,362,361,361,361,360,361,361,362,363,363,364,364,363,362,362,360,357,357,359,361,361,361,361,362,361,361,360,360,359,358,358,358,358,358,358,358,358,358,359,358,358,359,358,359,359,359,358,358,358,358,358,359,359,359,359,359,359,360,360,361,362,362,362,363
Landmark 53,y,435,435,435,435,436,436,437,436,437,436,436,435,435,434,434,433,433,432,432,431,430,430,431,431,432,433,432,433,433,432,428,428,429,429,429,430,429,429,427,426,426,426,426,426,427,428,428,429,429,430,430,430,430,430,430,431,430,429,428,428,427,428,429,433,435,435,434,432,431,431,430,430,431,431,431,432,433,434,435,434,433,432,432,431,431,430,430,430,430,430,430,431,431,432,433,434,435,436,437,438,438,439,440,441,442,444,445,446,447,448,449,450
Landmark 54,x,377,376,377,377,377,377,377,377,378,377,376,376,376,375,375,375,374,375,375,375,375,375,375,374,374,374,374,375,378,378,377,376,376,376,373,373,373,373,375,375,376,376,375,376,375,376,376,376,375,375,376,375,375,376,376,377,378,377,378,378,376,376,375,372,370,369,373,375,375,376,376,376,375,373,373,372,372,372,371,372,372,372,372,372,372,372,373,373,373,374,373,373,373,373,372,373,373,373,373,374,375,374,375,375,375,375,375,376,377,377,378,378
Landmark 54,y,441,441,441,441,442,442,442,442,443,442,442,442,443,443,443,443,443,443,443,442,442,442,443,443,443,444,443,441,440,440,441,442,441,440,441,442,440,441,438,437,437,436,437,437,438,439,440,440,440,440,440,440,439,439,440,440,441,441,440,440,440,440,443,446,445,443,442,442,441,441,440,441,443,444,444,447,446,444,444,443,442,442,442,441,440,439,439,438,438,438,438,438,439,439,440,441,442,442,442,443,443,444,444,445,446,447,448,450,450,451,452,453
Landmark 55,x,363,363,364,364,364,363,363,364,364,364,363,362,363,363,363,363,362,363,363,364,363,363,364,362,363,363,363,364,365,365,364,362,363,363,362,363,362,362,363,363,364,363,363,363,362,363,363,362,363,362,362,362,361,362,362,363,365,364,365,365,365,363,363,360,357,357,360,361,361,362,362,362,362,361,361,360,359,358,358,359,358,358,358,358,359,359,359,359,359,360,359,359,359,360,359,359,359,359,360,360,360,360,360,360,360,361,361,362,363,363,363,364
Landmark 55,y,449,449,449,450,450,450,451,451,451,451,451,452,453,453,454,454,453,454,454,454,453,454,454,455,454,455,453,449,449,451,455,456,454,453,453,452,452,452,449,448,448,447,448,449,450,452,452,453,452,452,452,451,450,451,452,454,456,456,455,456,455,456,459,460,456,453,453,453,454,454,454,454,457,459,460,462,461,457,454,453,452,451,452,451,450,449,448,448,448,448,448,447,448,448,450,451,452,451,452,452,453,453,454,455,456,457,459,460,460,461,462,464
Landmark 56,x,350,351,351,351,351,351,351,351,351,351,350,349,350,350,349,349,348,348,349,350,349,349,350,348,348,349,349,350,351,350,349,346,348,349,348,349,348,349,349,349,349,349,349,349,348,348,348,347,348,348,348,347,347,347,348,348,349,348,349,349,350,349,348,345,343,344,345,345,346,346,347,348,347,347,347,345,344,343,343,344,344,344,344,344,345,345,345,346,345,346,345,345,345,346,346,346,346,346,346,347,347,346,346,346,347,348,348,349,350,350,349,350
Landmark 56,y,454,453,454,454,455,454,456,456,456,456,456,458,459,460,460,461,460,461,460,461,460,461,461,461,461,461,460,455,454,457,461,462,461,459,459,459,459,458,456,454,455,453,454,455,457,458,458,459,459,459,458,456,456,457,458,460,463,462,463,463,461,462,467,468,462,458,459,460,462,462,461,462,465,467,469,470,470,463,460,458,457,457,457,456,455,454,454,453,452,453,453,453,453,454,454,455,456,456,456,457,458,458,459,459,461,463,464,465,466,467,468,470
Landmark 57,x,339,339,339,339,339,339,339,339,339,339,338,337,337,337,336,337,336,336,337,338,337,338,338,336,337,337,338,339,340,338,336,334,336,337,336,337,337,338,338,338,338,337,337,337,336,336,336,336,336,336,336,335,335,335,335,336,336,336,337,337,338,336,337,333,332,333,334,334,334,334,335,335,335,334,334,333,331,332,332,333,332,332,332,332,333,333,333,334,333,334,333,333,333,334,334,334,334,335,334,336,335,335,335,335,336,336,337,337,338,338,338,338
Landmark 57,y,455,455,455,456,457,456,457,457,458,458,458,460,460,461,462,462,461,462,461,462,461,462,462,462,462,462,461,456,456,458,462,463,462,460,460,460,460,459,457,456,456,454,455,456,458,459,460,461,460,460,459,458,457,458,460,462,464,463,464,464,463,463,468,469,463,459,460,461,463,463,463,464,466,468,470,471,471,465,461,459,457,457,458,457,457,456,455,454,454,454,454,454,455,455,455,457,457,457,458,458,459,460,461,461,463,465,466,467,468,469,470,472
Landmark 58,x,328,328,329,328,327,328,328,328,328,327,326,326,327,325,325,326,325,326,326,327,327,327,327,326,327,326,328,329,329,328,326,323,325,326,325,325,327,328,327,327,327,326,325,326,325,326,325,325,325,325,325,325,325,324,325,325,325,324,325,325,326,325,326,322,322,324,324,323,323,322,323,324,324,323,323,321,320,321,322,322,321,321,321,321,322,322,322,323,322,323,323,321,322,323,323,323,323,324,323,324,324,324,323,324,325,325,325,326,326,326,327,327
Landmark 58,y,454,454,454,455,455,455,456,456,457,457,457,459,459,460,460,461,459,461,460,461,460,461,461,461,461,461,460,455,455,457,460,461,461,459,458,459,459,457,456,455,455,453,454,455,457,458,458,459,459,459,458,457,456,457,458,460,462,462,462,462,461,461,466,467,462,458,459,460,461,462,461,462,464,466,468,469,469,463,460,457,456,456,456,456,455,455,454,453,453,453,453,453,454,454,454,456,456,456,456,457,458,458,460,460,462,464,465,466,467,468,469,471
Landmark 59,x,315,315,315,314,314,315,314,315,315,315,314,314,314,313,313,313,313,313,314,314,314,314,313,313,314,314,315,316,315,314,311,310,312,312,312,312,314,314,313,313,313,312,312,312,312,312,312,312,312,312,312,312,312,311,312,311,311,311,311,311,312,312,312,309,310,312,311,310,309,309,309,310,310,309,309,309,308,309,309,309,308,308,308,308,310,310,309,309,310,310,310,309,309,310,310,309,310,311,310,311,310,310,309,311,311,310,311,311,312,311,312,312
Landmark 59,y,452,451,452,453,453,453,453,454,454,454,454,454,455,455,455,456,454,455,455,456,455,455,455,455,455,456,455,451,451,452,453,454,454,454,454,454,453,452,451,450,449,448,449,450,451,453,453,453,453,454,454,452,452,452,453,454,455,455,456,455,454,454,459,460,457,454,454,454,455,455,454,455,456,457,459,460,461,457,454,453,452,451,452,452,451,451,450,450,449,449,449,449,450,450,451,452,452,452,453,454,454,454,455,455,458,459,461,462,463,464,464,466
Landmark 60,x,306,307,307,307,307,307,307,308,307,308,308,308,308,308,307,308,308,309,309,309,308,309,309,308,310,310,310,308,307,307,306,306,307,308,307,307,310,310,308,307,308,305,306,305,306,307,307,309,308,307,307,306,306,305,306,306,305,305,305,304,306,307,309,306,306,307,306,305,304,303,303,304,305,306,305,306,305,305,306,304,304,303,303,303,304,303,302,302,303,302,303,302,303,303,304,302,303,304,303,303,302,302,301,302,302,302,302,302,303,302,304,304
Landmark 60,y,442,443,443,443,443,444,444,444,444,444,445,444,444,445,444,444,443,444,443,443,442,442,443,442,442,444,442,441,441,440,438,438,439,440,441,442,439,439,438,437,437,436,437,437,438,438,439,439,440,440,441,440,440,440,440,440,440,440,441,440,439,439,442,444,444,444,443,441,441,440,440,440,440,441,442,443,444,443,442,441,440,440,440,439,439,439,439,439,439,439,439,439,439,440,441,442,442,443,444,444,444,444,445,446,447,449,450,451,452,453,454,455
Landmark 61,x,328,328,328,327,327,327,328,328,328,327,326,327,327,325,326,327,327,327,327,327,327,328,328,327,328,327,329,330,329,328,327,325,327,327,326,326,328,329,328,328,328,327,326,326,326,327,326,327,326,325,326,325,325,325,325,326,325,325,325,326,326,326,327,324,323,324,325,324,324,323,324,324,324,324,323,323,322,323,323,323,323,323,323,323,323,323,322,323,323,323,323,322,323,323,323,323,323,324,323,325,323,325,324,324,325,325,325,325,326,325,327,327
Landmark 61,y,441,440,441,442,442,442,442,442,443,442,441,440,439,438,438,437,436,436,436,435,434,433,434,434,436,438,438,438,439,438,429,428,430,433,434,435,434,433,432,430,429,429,428,429,429,429,430,430,431,432,432,432,432,432,432,432,431,431,430,430,430,430,432,436,440,441,441,436,434,433,432,432,431,432,432,432,434,436,438,438,435,434,434,434,434,434,434,434,434,434,434,435,435,435,436,438,439,441,442,444,444,445,446,447,449,450,452,454,454,455,455,456
Landmark 62,x,338,338,338,338,338,338,338,338,339,338,337,336,336,336,336,336,336,336,336,337,337,337,337,336,337,338,338,339,338,337,337,335,336,337,336,336,337,338,337,337,337,337,336,336,336,336,336,336,336,335,335,335,335,335,335,335,335,335,336,336,336,336,336,334,333,333,334,334,334,333,334,335,334,334,333,333,332,332,332,333,333,333,333,333,333,333,332,333,333,333,333,333,333,333,333,333,333,334,334,335,334,335,334,335,335,335,336,337,336,337,337,337
Landmark 62,y,442,442,442,443,444,443,443,443,444,443,442,441,439,439,439,438,437,436,437,436,435,434,435,435,437,439,439,440,440,439,431,429,431,434,435,436,435,434,433,431,430,430,429,430,430,430,431,431,432,433,432,433,433,433,433,433,432,431,431,431,431,431,433,438,441,442,442,437,435,434,433,433,433,433,433,434,435,437,440,439,437,436,435,435,435,435,435,435,436,436,435,436,436,436,437,439,440,442,443,445,446,447,447,449,450,452,454,455,455,456,457,458
Landmark 63,x,349,349,349,349,349,349,349,349,350,349,348,348,348,348,347,347,347,347,348,348,347,347,348,347,347,348,348,348,349,348,348,346,347,347,346,347,347,347,347,348,347,348,347,347,346,347,346,347,347,346,346,346,345,346,346,346,347,346,347,347,347,348,347,344,343,343,344,345,345,345,346,346,345,345,345,344,343,342,343,343,344,343,344,344,344,344,344,344,344,345,344,344,344,344,344,345,345,345,345,346,345,345,345,345,345,346,347,347,348,348,348,349
Landmark 63,y,441,440,440,441,442,441,442,442,442,441,441,439,438,438,438,437,436,436,436,435,434,433,434,434,436,438,438,438,439,437,431,430,431,433,434,435,434,434,432,430,429,428,428,429,429,430,430,431,431,432,431,432,432,432,432,432,431,431,431,430,430,431,433,437,440,441,441,436,434,433,432,432,432,432,433,433,435,436,439,438,436,435,434,434,434,434,434,433,434,434,434,434,435,435,436,438,439,441,442,443,444,445,446,447,448,449,451,453,453,454,455,456
Landmark 64,x,371,371,371,371,371,371,371,371,371,371,371,370,370,368,369,368,368,368,368,368,369,369,368,367,367,367,368,370,372,372,370,369,369,368,367,366,365,366,368,368,369,369,369,369,369,369,370,369,369,369,369,369,368,369,369,370,371,370,371,371,369,369,367,365,364,363,366,369,369,369,370,369,368,367,367,365,365,365,365,366,365,365,365,365,366,366,366,366,366,367,367,366,366,366,366,367,367,367,367,368,368,368,369,369,369,368,369,370,371,370,372,371
Landmark 64,y,440,440,440,441,441,441,442,442,442,442,442,442,442,442,443,443,442,442,441,441,441,441,442,442,442,443,442,439,439,439,440,441,440,439,440,441,439,440,437,436,436,435,436,436,437,438,438,439,439,439,439,439,438,438,439,440,440,440,440,439,439,440,443,445,444,443,442,441,441,440,439,440,442,443,443,445,445,443,443,442,441,440,440,440,439,438,438,437,437,437,437,438,438,439,440,441,441,442,442,443,443,444,445,445,446,448,449,450,451,452,453,454
Landmark 65,x,349,350,350,350,350,350,349,350,350,350,349,348,348,348,347,348,347,347,348,349,348,348,349,347,348,348,348,349,350,349,348,346,347,348,347,348,347,348,348,348,348,348,348,348,347,347,347,347,347,347,347,346,346,346,346,347,348,347,349,349,349,348,347,345,343,343,345,345,345,346,346,347,346,346,346,345,343,343,343,343,343,343,344,343,345,345,344,345,345,345,344,345,344,345,345,345,345,346,345,346,346,345,345,345,346,346,347,347,348,349,348,349
Landmark 65,y,441,440,440,441,441,440,441,441,442,443,443,443,445,445,446,446,445,446,446,446,445,446,446,446,446,446,443,440,440,442,444,445,446,444,443,443,441,441,439,438,439,437,439,439,441,443,443,445,444,444,444,442,441,442,443,444,448,445,447,447,445,444,449,450,447,443,443,445,447,449,447,447,450,451,453,454,455,449,445,443,442,442,442,441,441,440,439,439,439,439,439,439,439,440,440,441,441,442,443,443,443,444,446,446,447,449,450,451,452,453,454,456
Landmark 66,x,339,339,339,339,339,339,339,339,339,338,337,336,337,336,336,336,336,336,337,338,337,337,337,336,337,338,338,339,339,338,337,335,336,337,336,337,337,338,338,338,338,337,337,337,336,337,336,336,336,335,336,335,335,335,335,336,336,336,337,337,337,336,336,333,332,333,334,334,334,334,335,335,335,334,334,333,332,332,332,333,332,332,332,332,334,333,333,334,333,334,334,333,333,334,333,334,334,335,334,335,335,335,335,335,336,336,336,337,337,337,337,337
Landmark 66,y,442,442,442,443,443,442,443,443,444,445,445,445,446,447,447,448,446,448,447,448,447,447,447,447,447,447,445,442,442,443,444,446,447,445,444,444,443,442,441,440,440,439,440,440,442,444,444,446,445,446,445,443,443,443,444,445,449,446,448,448,446,445,449,451,448,444,444,446,448,450,448,449,451,452,454,455,456,450,446,444,444,443,444,443,442,441,441,440,440,440,440,440,441,441,441,442,443,443,444,444,445,445,447,447,448,451,452,453,453,455,456,458
Landmark 67,x,328,328,329,328,328,328,328,328,328,327,327,326,327,326,325,326,326,327,327,327,327,328,327,326,327,327,329,330,330,328,327,325,326,327,326,326,328,329,328,328,328,327,326,326,326,326,326,326,326,325,326,325,325,325,325,325,326,325,326,326,327,326,327,323,323,324,325,324,324,323,324,324,324,324,324,322,321,323,323,323,322,322,322,322,323,323,323,323,323,324,323,322,323,323,323,323,323,324,323,325,324,324,324,324,325,325,325,325,326,325,327,327
Landmark 67,y,441,441,441,442,442,442,442,442,443,444,444,444,445,446,446,446,445,446,446,446,445,446,446,445,445,445,443,440,440,442,443,444,445,444,443,443,441,441,440,439,439,438,439,439,441,443,443,444,444,445,444,442,442,442,443,444,447,445,446,446,444,443,448,450,446,443,443,445,446,448,447,447,449,450,452,453,454,449,444,443,442,441,442,442,441,440,440,439,439,439,439,439,439,440,440,442,442,442,443,443,444,444,446,445,447,450,451,452,452,454,455,456
